Name,WAR,WAR7,JAWS,WAR/162,oWAR,dWAR,WAA,Yrs,ASG,G,PA,AB,R,H,2B,3B,HR,RBI,SB,CS,BB,SO,BA,OBP,SLG,OPS,OPS+,ID
Johnny Bench HOF,75.1,47.2,61.2,5.6,65.7,19.7,46.6,17,14,2158,8674,7658,1091,2048,381,24,389,1376,68,43,891,1278,.267,.342,.476,.817,126,benchjo01
Gary Carter HOF,70.2,48.4,59.3,5.0,56.3,26.1,40.1,19,11,2296,9019,7971,1025,2092,371,31,324,1225,39,42,848,997,.262,.335,.439,.773,115,cartega01
Iván Rodríguez HOF,68.7,39.8,54.3,4.4,54.5,29.6,33.3,21,14,2543,10270,9592,1354,2844,572,51,311,1332,127,64,513,1474,.296,.334,.464,.798,106,rodriiv01
Carlton Fisk HOF,68.5,37.5,53.0,4.4,66.3,17.1,35.3,24,11,2499,9853,8756,1276,2356,421,47,376,1330,128,58,849,1386,.269,.341,.457,.797,117,fiskca01
Mike Piazza HOF,59.5,43.1,51.3,5.0,66.4,1.5,35.8,16,12,1912,7745,6911,1048,2127,344,8,427,1335,17,20,759,1113,.308,.377,.545,.922,143,piazzmi01
Yogi Berra HOF,59.5,38.0,48.7,4.5,56.3,9.2,33.9,19,18,2120,8364,7555,1175,2150,321,49,358,1430,30,26,704,414,.285,.348,.482,.830,125,berrayo01
Joe Mauer HOF,55.2,39.0,47.1,4.8,53.0,3.0,27.5,15,6,1858,7960,6930,1018,2123,428,30,143,923,52,19,939,1034,.306,.388,.439,.827,124,mauerjo01
Bill Dickey HOF,56.4,35.4,45.9,5.1,52.0,10.2,31.7,17,11,1789,7065,6300,930,1969,343,72,202,1209,36,32,678,289,.313,.382,.486,.868,127,dickebi01
Mickey Cochrane HOF,49.7,36.6,43.2,5.4,53.7,0.7,26.5,13,2,1482,6211,5169,1041,1652,333,64,119,830,64,47,857,217,.320,.419,.478,.897,129,cochrmi01
Gabby Hartnett HOF,55.5,30.7,43.1,4.5,48.1,13.3,31.1,20,6,1990,7300,6432,867,1912,396,64,236,1179,28,32,703,697,.297,.370,.489,.858,126,hartnga01
Ted Simmons HOF,50.4,34.8,42.6,3.3,53.7,5.2,19.0,21,8,2456,9685,8680,1074,2472,483,47,248,1389,21,33,855,694,.285,.348,.437,.785,118,simmote01
Thurman Munson,46.1,37.0,41.6,5.2,43.2,11.9,25.5,11,7,1423,5905,5344,696,1558,229,32,113,701,48,50,438,571,.292,.346,.410,.756,116,munsoth01
Gene Tenace,46.8,35.0,40.9,4.9,47.6,1.8,27.9,15,1,1555,5527,4390,653,1060,179,20,201,674,36,42,984,998,.241,.388,.429,.817,136,tenacge01
Buster Posey,44.8,36.6,40.7,5.3,40.8,9.8,27.1,12,7,1371,5607,4970,663,1500,293,9,158,729,23,9,540,721,.302,.372,.460,.831,129,poseybu01
Buck Ewing HOF,48.0,30.7,39.4,5.9,42.5,9.7,28.0,18,0,1315,5772,5363,1129,1625,250,178,71,883,354,,392,294,.303,.351,.456,.807,129,ewingbu01
Bill Freehan,44.8,33.7,39.3,4.1,43.3,12.0,21.2,15,11,1774,6900,6073,706,1591,241,35,200,758,24,21,626,753,.262,.340,.412,.752,112,freehbi01
Roy Campanella HOF,42.0,35.0,38.5,4.7,38.6,9.0,20.6,18,11,1449,5727,5030,786,1422,232,31,260,1019,38,20,609,501,.283,.363,.496,.859,125,camparo01
Wally Schang,48.0,27.7,37.9,4.2,47.6,6.5,22.9,19,0,1842,6440,5307,769,1506,264,90,59,705,121,50,849,573,.284,.393,.401,.794,117,schanwa01
Jorge Posada,42.7,32.6,37.6,3.8,48.6,2.6,17.3,17,5,1829,7150,6092,900,1664,379,10,275,1065,20,21,936,1453,.273,.374,.474,.848,121,posadjo01
Roger Bresnahan HOF,42.1,30.4,36.3,4.7,42.4,6.5,24.5,17,0,1446,5389,4481,682,1252,218,71,26,530,212,4,714,403,.279,.386,.377,.764,126,bresnro01
Jason Kendall,41.7,30.4,36.0,3.2,40.8,13.9,14.6,15,3,2085,8702,7627,1030,2195,394,35,75,744,189,89,721,686,.288,.366,.378,.744,95,kendaja01
Yadier Molina,42.2,28.7,35.5,3.1,27.9,28.0,15.2,19,10,2224,8554,7817,777,2168,408,7,176,1022,71,37,542,922,.277,.327,.399,.726,96,molinya01
Darrell Porter,40.9,29.1,35.0,3.7,39.8,10.6,18.4,17,4,1782,6570,5539,765,1369,237,48,188,826,39,37,905,1025,.247,.354,.409,.763,113,porteda02
Jim Sundberg,40.5,28.7,34.6,3.3,28.7,25.3,17.6,16,3,1962,6899,6021,621,1493,243,36,95,624,20,37,699,963,.248,.327,.348,.674,90,sundbji01
Charlie Bennett,38.8,30.1,34.4,5.9,27.5,17.5,23.3,15,0,1062,4310,3821,549,978,203,67,55,533,42,,478,572,.256,.340,.387,.728,119,bennech01
Lance Parrish,39.5,28.4,34.0,3.2,36.0,15.3,13.7,19,8,1988,7797,7067,856,1782,305,27,324,1070,28,37,612,1527,.252,.313,.440,.753,106,parrila02
J.T. Realmuto,36.3,30.0,33.2,4.8,33.9,10.1,20.3,11,3,1239,4992,4548,639,1237,253,34,168,625,96,25,330,1047,.272,.329,.453,.782,112,realmjt01
Russell Martin,38.8,27.3,33.0,3.7,33.1,16.5,17.4,14,4,1693,6648,5701,803,1416,255,9,191,771,101,51,792,1211,.248,.349,.397,.746,101,martiru01
Josh Gibson HOF,38.3,26.9,32.6,10.3,37.8,1.5,30.8,14,12,602,2526,2168,612,808,135,58,166,733,40,,336,,.373,.458,.718,1.176,214,gibsojo99
Ernie Lombardi HOF,37.7,24.0,30.8,3.3,39.4,3.8,15.8,17,7,1853,6353,5855,601,1792,277,27,190,990,8,9,430,262,.306,.358,.460,.818,126,lombaer01
Víctor Martínez,32.0,29.0,30.5,2.6,37.4,-8.3,3.3,16,5,1973,8166,7297,914,2153,423,3,246,1178,7,7,730,891,.295,.360,.455,.815,118,martivi01
Salvador Perez,35.5,24.3,29.9,3.7,28.2,14.8,14.1,13,9,1552,6263,5880,656,1571,285,11,273,916,6,1,243,1178,.267,.303,.459,.762,105,perezsa02
Ray Schalk HOF,33.0,25.7,29.4,3.0,23.8,18.3,8.6,18,0,1762,6242,5306,579,1345,199,49,11,593,177,69,638,358,.253,.340,.316,.656,83,schalra01
Smoky Burgess,33.4,23.4,28.4,3.2,32.9,6.2,14.2,18,9,1691,5014,4471,485,1318,230,33,126,673,13,14,477,270,.295,.362,.446,.807,116,burgesm01
Brian McCann,32.0,24.6,28.3,3.0,34.2,7.9,10.2,15,7,1755,6850,6067,742,1590,294,5,282,1018,25,9,640,1054,.262,.337,.452,.789,110,mccanbr01
Johnny Kling,29.1,25.8,27.4,3.7,24.2,13.7,13.4,13,0,1261,4655,4246,475,1154,181,61,20,514,124,1,281,327,.272,.319,.357,.676,100,klingjo01
Javy López,29.7,24.9,27.3,3.2,31.2,5.7,11.3,15,3,1503,5793,5319,674,1527,267,19,260,864,8,19,357,969,.287,.337,.491,.828,112,lopezja01
Mickey Tettleton,29.3,24.7,27.0,3.2,34.9,-3.6,9.8,14,2,1485,5745,4698,711,1132,210,16,245,732,23,29,949,1307,.241,.369,.449,.818,122,tettlmi01
Manny Sanguillén,27.5,26.4,27.0,3.1,22.3,11.4,9.8,13,3,1448,5383,5062,566,1500,205,57,65,585,35,38,223,331,.296,.326,.398,.724,102,sanguma01
Elston Howard,27.0,26.5,26.7,2.7,24.3,8.2,8.4,15,12,1625,5929,5443,635,1491,223,53,168,775,10,14,376,786,.274,.321,.427,.748,107,howarel01
Tom Haller,29.3,23.9,26.6,3.7,28.6,7.9,12.6,12,3,1294,4520,3935,461,1011,153,31,134,504,14,30,477,593,.257,.340,.414,.753,114,halleto01
Duke Farrell,31.1,21.7,26.4,3.2,24.8,12.8,10.1,18,0,1565,6269,5682,829,1572,211,123,52,916,150,,480,369,.277,.338,.385,.723,100,farredu01
Del Crandall,28.0,24.3,26.1,2.9,21.7,14.0,6.7,16,11,1573,5584,5026,585,1276,179,18,179,657,26,31,424,477,.254,.312,.404,.716,96,crandde01
Sherm Lollar,30.1,21.9,26.0,2.8,26.4,10.4,11.0,18,9,1752,6221,5351,623,1415,244,14,155,808,20,10,671,453,.264,.357,.402,.759,104,lollash01
Rick Ferrell HOF,30.8,20.9,25.9,2.6,27.5,9.4,6.5,18,7,1884,7076,6028,687,1692,324,45,28,734,29,35,931,277,.281,.378,.363,.741,95,ferreri01
Willson Contreras,27.1,24.4,25.7,4.6,24.0,7.1,15.1,9,3,943,3712,3210,456,828,177,10,152,468,32,21,375,893,.258,.353,.461,.814,117,contrwi01
Ed Bailey,27.2,22.9,25.1,3.6,24.7,8.6,11.0,14,6,1212,4212,3581,432,915,128,15,155,540,17,18,545,577,.256,.355,.429,.784,110,baileed01
Walker Cooper,27.2,22.7,24.9,3.0,29.3,2.5,8.2,18,8,1473,5082,4702,573,1341,240,40,173,812,18,11,309,357,.285,.332,.464,.796,116,coopewa01
Tim McCarver,28.3,21.4,24.8,2.4,30.0,6.4,6.4,21,2,1909,6206,5529,590,1501,242,57,97,645,61,49,548,422,.271,.337,.388,.725,102,mccarti01
Terry Steinbach,28.0,21.6,24.8,2.9,27.0,9.3,7.8,14,3,1546,5905,5369,638,1453,273,21,162,745,23,22,418,938,.271,.326,.420,.746,102,steinte01
Charles Zimmer,29.4,20.1,24.8,3.7,19.8,17.2,12.2,19,0,1280,5078,4546,617,1225,222,76,26,625,151,,390,511,.269,.339,.369,.708,96,zimmech01
Tony Peña,24.7,24.7,24.7,2.0,19.2,17.7,0.3,18,5,1988,7073,6489,667,1687,298,27,107,708,80,63,455,846,.260,.309,.364,.673,84,penato01
Butch Wynegar,26.5,22.7,24.6,3.3,21.3,14.1,9.7,13,2,1301,5067,4330,498,1102,176,15,65,506,10,13,626,428,.255,.348,.347,.695,93,wynegbu01
Mike Napoli,26.3,22.0,24.2,3.1,27.8,-2.7,7.5,12,1,1392,5330,4572,697,1125,224,11,267,744,39,24,650,1468,.246,.346,.475,.821,117,napolmi01
Jack Meyers,25.2,22.7,24.0,4.1,23.7,7.8,14.9,9,0,992,3238,2834,276,826,120,41,14,369,44,13,274,174,.291,.367,.378,.744,117,meyerch01
Mike Scioscia,26.1,21.7,23.9,2.9,21.0,13.4,9.1,13,2,1441,5057,4373,398,1131,198,12,68,446,29,24,567,307,.259,.344,.356,.700,99,sciosmi01
Bob Boone,27.4,20.4,23.9,2.0,16.3,25.8,1.2,19,4,2264,8148,7245,679,1838,303,26,105,826,38,50,663,608,.254,.315,.346,.661,82,boonebo01
Jack Clements,26.8,20.5,23.6,3.7,28.8,4.6,10.9,17,0,1160,4721,4295,619,1231,226,60,77,687,55,,341,317,.287,.348,.421,.769,117,clemeja01
Steve O'Neill,26.4,20.5,23.4,2.7,23.3,11.1,4.7,17,0,1590,5577,4795,448,1259,248,34,13,534,30,26,592,414,.263,.349,.337,.685,88,o'neist01
Darren Daulton,22.9,23.7,23.3,3.2,25.4,2.6,9.4,14,3,1161,4340,3630,511,891,197,25,137,588,50,10,629,726,.245,.357,.427,.784,114,daultda01
Benito Santiago,27.4,18.6,23.0,2.2,23.5,15.2,3.5,20,5,1978,7516,6951,755,1830,323,41,217,920,91,69,430,1270,.263,.307,.415,.722,93,santibe01
Biz Mackey HOF,25.8,20.0,22.9,4.6,25.0,2.5,14.1,22,5,900,3442,3081,497,1011,167,57,52,604,60,5,298,9,.328,.390,.470,.860,131,mackebi99
Chris Hoiles,23.5,22.3,22.9,4.3,23.1,5.3,11.9,10,0,894,3339,2820,415,739,122,2,151,449,5,7,435,616,.262,.366,.467,.833,119,hoilech01
Carlos Ruiz,22.5,21.1,21.8,3.2,18.5,10.8,9.9,12,1,1136,4069,3539,405,935,223,7,71,415,25,10,403,499,.264,.350,.391,.742,100,ruizca01
Jason Varitek,24.2,18.8,21.5,2.5,24.9,8.8,3.6,15,3,1546,5839,5099,664,1307,306,14,193,757,25,18,614,1216,.256,.341,.435,.776,99,varitja01
Charles Johnson,22.6,20.4,21.5,3.1,15.7,13.8,8.8,12,2,1188,4386,3836,465,940,211,4,167,570,6,10,475,997,.245,.330,.433,.762,97,johnsch04
Fred Carroll,21.9,20.8,21.4,4.7,23.0,-0.3,12.3,8,0,754,3290,2892,546,820,146,66,27,366,137,,348,136,.284,.370,.408,.778,136,carrofr01
Deacon McGuire,24.7,17.7,21.2,2.2,32.6,2.1,1.3,26,0,1781,6944,6291,770,1750,300,79,45,840,118,0,515,442,.278,.341,.372,.713,101,mcguide01
Rick Dempsey,25.1,17.2,21.2,2.3,17.8,17.4,7.3,24,0,1765,5407,4692,525,1093,223,12,96,471,20,19,592,736,.233,.319,.347,.666,87,dempsri01
Johnny Bassler,21.0,20.9,21.0,4.2,18.6,5.1,10.0,9,0,811,2867,2319,250,704,99,16,1,319,13,8,437,81,.304,.416,.361,.777,104,bassljo01
A.J. Pierzynski,23.8,18.1,20.9,1.9,28.4,8.4,-3.5,19,2,2059,7815,7290,807,2043,407,24,188,909,15,23,308,895,.280,.319,.420,.739,94,pierza.01
John Roseboro,22.4,19.4,20.9,2.3,22.4,8.8,1.6,14,6,1585,5529,4847,512,1206,190,44,104,548,67,56,547,677,.249,.326,.371,.697,95,rosebjo01
Hank Gowdy,23.6,18.1,20.8,3.6,17.4,10.6,13.3,17,0,1050,3145,2735,270,738,124,27,21,321,59,7,311,247,.270,.351,.358,.709,104,gowdyha01
John Romano,20.9,20.2,20.6,3.7,22.5,3.3,10.8,10,4,905,3256,2767,355,706,112,10,129,417,7,9,414,485,.255,.354,.443,.797,122,romanjo01
Terry Kennedy,21.6,19.4,20.5,2.3,18.5,11.3,3.3,14,4,1491,5421,4979,474,1313,244,12,113,628,6,15,365,855,.264,.314,.386,.699,96,kennete02
Ramón Hernández,22.0,18.8,20.4,2.3,22.0,8.9,2.8,15,1,1526,5701,5105,580,1345,262,8,169,757,9,5,430,734,.263,.327,.417,.744,96,hernara02
Joe Ferguson,21.0,19.6,20.3,3.4,21.0,3.9,9.4,14,0,1013,3624,3001,407,719,121,11,122,445,22,12,562,607,.240,.358,.409,.767,116,fergujo01
Muddy Ruel,20.9,19.5,20.2,2.3,17.4,8.3,0.6,19,0,1468,5299,4514,494,1242,187,29,4,536,61,65,606,238,.275,.365,.332,.697,83,ruelmu01
Bob O'Farrell,21.5,18.9,20.2,2.3,19.9,6.1,6.0,21,0,1492,4745,4101,517,1120,201,58,51,549,35,19,547,408,.273,.360,.388,.748,98,o'farbo01
Mike Stanley,20.9,19.5,20.2,2.3,26.9,-5.2,3.8,15,1,1467,4989,4222,625,1138,220,7,187,702,13,4,652,929,.270,.370,.458,.827,117,stanlmi02
Virgil Davis,22.3,17.6,20.0,2.5,22.0,4.3,6.4,16,0,1458,4718,4255,388,1312,244,22,77,647,6,13,386,326,.308,.369,.430,.799,110,davissp01
Andy Seminick,21.4,17.9,19.6,2.7,22.4,3.7,3.9,15,1,1304,4575,3921,495,953,139,26,164,556,23,22,582,780,.243,.347,.417,.764,107,seminan01
Yasmani Grandal,20.3,19.0,19.6,2.5,24.2,2.5,4.6,13,2,1307,4885,4138,535,977,183,7,194,592,13,7,679,1124,.236,.345,.424,.769,110,grandya01
John Stearns,19.7,19.4,19.6,3.9,16.0,8.1,9.5,11,4,810,3083,2681,334,696,152,10,46,312,91,51,323,294,.260,.341,.375,.717,102,stearjo01
Ed McFarland,20.8,17.3,19.0,3.8,19.1,7.2,8.5,14,0,894,3379,3007,398,826,146,49,13,383,65,,254,174,.275,.335,.369,.704,103,mcfared01
George Miller,19.1,18.7,18.9,2.4,22.9,0.0,0.6,13,0,1318,5695,5171,839,1381,192,57,33,567,260,,467,129,.267,.333,.345,.678,97,milledo01
John Milligan,20.3,17.5,18.9,4.3,17.2,6.6,12.1,10,0,772,3210,2964,440,848,189,50,49,497,41,,210,190,.286,.341,.433,.774,123,millijo01
Kurt Suzuki,19.5,18.2,18.8,1.9,21.0,9.0,-1.8,16,1,1635,6163,5563,594,1421,295,6,143,730,20,11,387,751,.255,.314,.388,.702,90,suzukku01
Earl Battey,18.8,18.6,18.7,2.7,18.9,6.5,6.1,13,5,1141,4105,3586,393,969,150,17,104,449,13,12,421,470,.270,.349,.409,.757,106,batteea01
Will Smith,18.4,18.4,18.4,4.9,17.6,4.4,10.3,6,2,612,2510,2146,349,554,108,9,111,381,10,1,266,465,.258,.350,.472,.822,124,smithwi05
Hank Severeid,18.7,18.0,18.4,2.2,20.2,4.5,0.3,15,0,1390,4792,4312,408,1245,204,42,17,538,35,19,331,169,.289,.342,.367,.709,92,severha01
Jonathan Lucroy,17.7,18.8,18.3,2.4,20.3,4.3,3.0,12,2,1210,4591,4140,483,1134,217,24,108,548,30,9,369,662,.274,.335,.416,.752,102,lucrojo01
Ernie Whitt,18.3,18.2,18.2,2.2,16.6,9.5,4.6,15,1,1328,4271,3774,447,938,176,15,134,534,22,26,436,491,.249,.324,.410,.734,99,whitter01
Paul Lo Duca,17.8,18.6,18.2,2.7,15.0,7.9,4.9,11,4,1082,4302,3892,483,1112,222,8,80,481,20,19,266,295,.286,.337,.409,.746,97,loducpa01
Yan Gomes,18.5,17.8,18.2,2.7,13.0,12.3,4.8,13,1,1118,4082,3756,443,923,192,10,137,517,8,0,216,958,.246,.295,.412,.706,90,gomesya01
John Clapp,19.1,16.9,18.0,5.3,17.1,4.5,9.9,11,0,588,2635,2523,459,713,92,35,7,279,17,11,112,51,.283,.313,.355,.668,118,clappjo01
Matt Wieters,18.3,17.3,17.8,2.5,14.8,10.6,2.9,12,4,1167,4428,3994,440,996,190,5,146,550,9,4,368,847,.249,.313,.409,.722,93,wietema01
Don Slaught,19.4,14.8,17.1,2.4,21.9,4.8,5.1,16,0,1327,4503,4063,415,1151,235,28,77,476,18,15,311,559,.283,.338,.412,.749,104,slaugdo01
Mike Grady,17.7,16.4,17.1,3.1,24.9,-3.9,5.8,11,0,922,3438,3008,489,884,155,67,35,461,114,,311,276,.294,.374,.425,.799,126,gradymi01
Heinie Peitz,19.6,14.1,16.9,2.6,17.9,8.0,3.2,16,0,1235,4659,4124,532,1117,191,66,16,560,91,0,410,261,.271,.342,.361,.703,93,peitzhe01
Frank Snyder,17.2,16.4,16.8,2.0,13.8,9.3,2.1,16,0,1392,4619,4229,331,1122,170,44,47,525,37,22,281,416,.265,.313,.360,.672,89,snydefr01
Ivey Wingo,17.8,15.3,16.6,2.2,15.7,9.1,3.6,17,0,1327,4378,4003,362,1039,147,81,25,455,87,36,264,285,.260,.307,.355,.662,90,wingoiv01
Jody Davis,15.8,17.0,16.4,2.4,11.1,11.1,2.1,10,2,1082,3984,3585,364,877,164,11,127,490,7,16,333,712,.245,.307,.403,.710,92,davisjo02
Bubbles Hargrave,16.4,16.4,16.4,3.1,18.9,0.1,7.0,12,0,852,2853,2533,314,786,155,58,29,376,29,19,217,165,.310,.372,.452,.824,118,hargrbu01
Steve Yeager,17.9,14.8,16.3,2.3,9.6,15.4,4.8,15,0,1269,4015,3584,357,816,118,16,102,410,14,18,342,726,.228,.298,.355,.653,83,yeagest01
Alex Avila,17.0,15.3,16.1,2.6,16.3,6.8,4.5,13,1,1052,3638,3060,352,714,155,9,105,397,8,8,528,1068,.233,.348,.393,.740,101,avilaal01
Brad Ausmus,16.5,15.1,15.8,1.4,8.9,18.7,-5.6,18,1,1971,7102,6279,718,1579,270,34,80,607,102,53,634,1034,.251,.325,.344,.669,75,ausmubr01
Clay Dalrymple,16.7,14.8,15.7,2.5,9.4,13.0,3.3,12,0,1079,3532,3042,243,710,98,23,55,327,3,13,387,403,.233,.322,.335,.657,85,dalrycl01
Stan Lopata,15.3,15.8,15.5,2.9,18.3,0.0,3.7,13,2,853,3035,2601,375,661,116,25,116,397,18,13,393,497,.254,.351,.452,.803,114,lopatst01
Miguel Montero,14.3,16.4,15.4,2.0,17.5,3.6,0.8,13,2,1185,4343,3801,458,973,197,7,126,550,5,9,446,881,.256,.340,.411,.751,100,montemi01
Jim Pagliaroni,15.8,14.6,15.2,3.0,17.1,3.4,5.6,11,0,849,2853,2465,269,622,98,7,90,326,4,7,330,494,.252,.344,.407,.751,110,pagliji01
Chris Iannetta,15.0,15.1,15.1,2.0,19.0,3.3,1.3,14,0,1197,4253,3563,449,820,181,11,141,502,11,10,576,1024,.230,.345,.406,.751,98,iannech01
Gary Sánchez,15.0,15.1,15.1,2.9,15.2,3.0,4.2,10,2,830,3212,2836,404,636,118,3,184,485,6,2,308,861,.224,.309,.463,.772,107,sanchga02
Mike Lieberthal,15.3,14.6,14.9,2.0,19.0,3.2,1.0,14,2,1212,4695,4218,534,1155,257,10,150,610,8,7,335,571,.274,.337,.446,.783,101,liebemi01
Wilson Ramos,15.2,14.6,14.9,2.5,15.6,5.8,3.1,12,2,990,3786,3492,362,946,151,2,136,534,1,3,245,638,.271,.318,.432,.750,102,ramoswi01
Harry Danning,14.7,15.1,14.9,2.7,13.9,3.4,3.5,10,4,890,3194,2971,363,847,162,26,57,397,13,16,187,217,.285,.330,.415,.745,104,danniha01
Johnny Edwards,14.7,15.1,14.9,1.6,13.2,9.9,-3.8,14,3,1470,5132,4577,430,1106,202,32,81,524,15,23,465,635,.242,.311,.353,.664,85,edwarjo01
Lou Criger,16.1,13.6,14.8,2.6,8.9,13.7,2.5,16,0,1012,3637,3202,337,709,86,50,11,342,58,0,309,225,.221,.295,.290,.584,72,crigelo01
George Gibson,14.7,14.8,14.8,2.0,13.2,10.1,0.8,14,0,1213,4202,3776,295,893,142,49,15,346,40,3,286,270,.236,.295,.312,.607,81,gibsoge01
Milt May,16.4,12.8,14.6,2.2,14.3,8.9,2.9,15,0,1192,4075,3693,313,971,147,11,77,443,4,13,305,361,.263,.318,.371,.689,93,maymi01
Jerry Grote,15.0,14.1,14.6,1.7,12.1,11.3,-1.4,16,2,1421,4844,4339,352,1092,160,22,39,404,15,23,399,600,.252,.316,.326,.642,83,groteje01
Art Wilson,14.4,14.5,14.5,2.9,14.5,4.4,8.1,14,0,812,2444,2056,237,536,96,22,24,227,50,5,292,295,.261,.357,.364,.721,114,wilsoar01
Buddy Rosar,14.1,14.7,14.4,2.3,6.3,11.1,3.2,13,5,988,3572,3198,335,836,147,15,18,367,17,18,315,161,.261,.330,.334,.663,84,rosarbu01
Ron Hassey,14.7,13.7,14.2,2.0,16.0,4.3,2.1,14,0,1192,3906,3440,348,914,172,7,71,438,14,10,385,378,.266,.340,.382,.722,100,hassero01
Mike Macfarlane,14.7,13.6,14.1,2.0,16.9,4.2,0.7,13,0,1164,4047,3602,458,906,221,17,129,514,12,16,295,700,.252,.322,.430,.752,99,macfami01
Gus Triandos,14.0,14.2,14.1,1.9,16.0,2.6,0.2,13,4,1206,4426,3907,389,954,147,6,167,608,1,0,440,636,.244,.322,.413,.735,103,triangu01
Rick Wilkins,14.0,14.2,14.1,3.1,9.5,7.9,6.5,11,0,720,2435,2114,280,515,95,7,81,275,9,12,278,571,.244,.332,.410,.742,100,wilkiri01
Phil Masi,14.5,13.4,13.9,1.9,14.4,3.5,0.5,14,3,1229,3949,3468,420,917,164,31,47,417,45,28,410,311,.264,.344,.370,.714,97,masiph01
Ray Fosse,12.8,15.0,13.9,2.2,13.6,5.2,1.4,12,2,924,3228,2957,299,758,117,13,61,324,15,19,203,363,.256,.306,.367,.673,90,fossera01
Ron Karkovice,14.6,13.2,13.9,2.5,8.5,11.6,4.5,12,0,939,2948,2597,336,574,120,6,96,335,24,14,233,749,.221,.289,.383,.672,81,karkoro01
Al Lopez HOF,16.3,11.2,13.8,1.4,9.3,12.9,-6.0,19,2,1950,6611,5916,613,1547,206,43,51,652,46,32,556,538,.261,.326,.337,.663,83,lopezal01
Shanty Hogan,14.4,13.1,13.7,2.4,12.7,4.8,3.0,13,0,989,3475,3180,288,939,146,12,61,474,6,11,220,188,.295,.348,.406,.754,100,hogansh01
Ray Mueller,14.0,13.4,13.7,2.3,9.5,7.4,2.3,14,1,985,3239,2911,281,733,123,23,56,373,14,10,250,322,.252,.314,.368,.681,90,muellra01
Dan Wilson,13.0,14.1,13.5,1.6,9.7,10.9,-3.1,14,1,1299,4616,4186,441,1097,211,13,88,519,23,14,280,763,.262,.309,.382,.691,80,wilsoda01
Ellie Rodríguez,13.4,13.7,13.5,2.8,12.2,6.0,4.1,9,2,775,2622,2173,220,533,76,6,16,203,17,18,332,291,.245,.356,.308,.664,94,rodriel01
Larry McLean,12.8,14.1,13.5,2.4,10.2,7.9,3.6,13,0,862,2840,2647,183,694,90,26,6,298,20,0,136,127,.262,.301,.323,.623,86,mcleala01
Gregg Zaun,13.7,13.2,13.4,1.8,13.8,6.0,-0.1,16,0,1232,4042,3489,437,878,194,9,88,446,23,19,479,544,.252,.344,.388,.732,91,zaungr01
Sandy Alomar,13.7,13.1,13.4,1.6,13.9,7.9,-3.2,20,6,1377,4865,4530,520,1236,249,10,112,588,25,24,212,499,.273,.309,.406,.716,86,alomasa02
Jack Warner,14.7,12.1,13.4,2.2,8.9,12.5,1.3,14,0,1074,3837,3497,348,870,81,35,6,302,83,,181,248,.249,.303,.297,.600,73,warnejo01
Bob Brenly,12.7,13.9,13.3,2.4,15.4,1.0,2.4,9,1,871,3002,2615,321,647,119,7,91,333,45,38,318,438,.247,.330,.403,.733,106,brenlbo01
Sean Murphy,13.3,13.3,13.3,4.2,12.2,4.2,6.8,6,1,510,1962,1702,233,397,96,3,77,240,1,0,202,456,.233,.329,.429,.758,112,murphse01
Bill Carrigan,13.2,13.2,13.2,3.0,12.2,5.4,4.1,10,0,709,2300,1970,194,506,67,14,6,235,37,14,206,187,.257,.334,.314,.648,94,carribi02
Todd Hundley,10.9,15.4,13.1,1.4,16.0,0.7,-2.2,14,2,1225,4305,3769,495,883,167,7,202,599,14,11,453,988,.234,.320,.443,.763,102,hundlto01
Adley Rutschman,13.1,13.1,13.1,5.1,12.1,2.5,7.4,3,2,415,1795,1557,222,407,87,3,52,201,6,2,215,290,.261,.351,.421,.772,121,rutscad01
Robinson Chirinos,12.8,13.4,13.1,2.9,11.1,6.2,4.4,11,0,714,2457,2124,275,480,114,5,95,306,5,4,231,664,.226,.319,.419,.738,97,chiriro01
Mike LaValliere,13.9,12.2,13.1,2.6,8.7,10.0,4.4,12,0,879,2871,2473,185,663,109,5,18,294,5,15,321,244,.268,.351,.338,.689,93,lavalmi01
Mike Heath,13.4,12.5,13.0,1.6,14.1,5.7,-1.6,14,0,1325,4586,4212,462,1061,173,27,86,469,54,40,278,616,.252,.300,.367,.667,88,heathmi02
Brian Harper,12.3,13.6,13.0,2.0,14.0,1.9,0.6,16,0,1001,3386,3151,339,931,186,7,63,428,8,17,133,188,.295,.329,.419,.748,103,harpebr01
Wes Westrum,12.6,13.3,13.0,2.2,11.1,4.7,1.7,11,2,919,2850,2322,302,503,59,8,96,315,10,7,489,514,.217,.356,.373,.729,94,westrwe01
Babe Phelps,13.0,12.8,12.9,2.9,15.8,-0.9,4.9,11,3,726,2308,2117,239,657,143,19,54,345,9,7,160,157,.310,.362,.472,.835,125,phelpba01
Francisco Cervelli,13.9,11.7,12.8,3.1,13.8,4.5,5.2,13,0,730,2618,2256,281,605,102,16,41,275,17,13,270,505,.268,.358,.382,.740,101,cervefr01
Dick Dietz,12.6,12.9,12.8,3.2,18.4,-2.9,4.9,8,1,646,2244,1829,226,478,89,6,66,301,4,6,381,402,.261,.390,.425,.815,129,dietzdi01
Ossee Schrecongost,12.3,13.1,12.7,2.2,13.1,4.3,0.1,11,0,895,3230,3057,304,829,136,31,9,338,52,,102,146,.271,.297,.345,.642,90,schreos01
Duke Sims,12.8,12.5,12.7,2.5,15.2,1.2,3.1,11,0,843,2810,2422,263,580,80,6,100,310,6,16,338,483,.239,.340,.401,.741,112,simsdu01
Bo Díaz,11.5,13.8,12.7,1.9,9.6,7.9,-0.6,13,2,993,3538,3274,327,834,162,5,87,452,9,17,198,429,.255,.297,.387,.684,87,diazbo01
Jason Castro,12.4,12.9,12.7,2.1,12.8,5.3,1.0,12,1,952,3381,2981,368,678,166,9,97,325,6,2,347,970,.227,.312,.387,.699,92,castrja01
Cy Perkins,11.8,13.2,12.5,1.6,6.7,9.3,-3.7,17,0,1171,4026,3604,329,933,175,35,30,409,18,33,301,221,.259,.319,.352,.670,76,perkicy01
Randy Hundley,11.6,13.4,12.5,1.8,6.0,12.0,-1.5,14,1,1061,3801,3442,311,813,118,13,82,381,12,17,271,565,.236,.292,.350,.642,77,hundlra01
Welington Castillo,12.3,12.4,12.4,2.7,11.1,5.4,3.6,10,0,726,2701,2462,251,626,126,1,98,339,5,0,183,691,.254,.313,.426,.738,98,castiwe01
Frankie Hayes,10.4,14.0,12.2,1.2,18.4,-3.5,-6.2,14,5,1364,5129,4493,545,1164,213,32,119,628,30,20,564,627,.259,.343,.400,.744,101,hayesfr01
Aaron Robinson,12.1,12.1,12.1,3.2,11.8,2.2,5.6,8,1,610,2191,1839,208,478,74,11,61,272,0,6,337,194,.260,.375,.412,.787,112,robinaa01
Les Nunamaker,11.8,12.3,12.0,2.7,11.4,4.3,3.0,12,0,716,2235,1990,194,533,75,30,2,216,36,14,176,200,.268,.332,.339,.670,95,nunamle01
Ted Easterly,12.0,12.0,12.0,2.7,13.0,1.9,5.3,7,0,706,2194,2020,215,607,88,38,8,261,43,8,107,145,.300,.338,.394,.732,116,eastete01
Geovany Soto,12.0,11.9,12.0,2.4,13.4,3.4,2.9,13,1,797,2876,2522,308,619,146,4,108,361,3,5,311,673,.245,.330,.435,.765,102,sotoge01
Gus Mancuso,10.5,12.7,11.6,1.2,9.9,5.0,-6.5,17,2,1460,5030,4505,386,1194,197,16,53,543,8,15,418,264,.265,.328,.351,.679,84,mancugu01
Rich Gedman,9.6,13.4,11.5,1.5,9.3,6.6,-1.5,13,2,1033,3468,3159,331,795,176,12,88,382,3,4,236,509,.252,.304,.399,.703,90,gedmari01
Earl Smith,11.5,11.4,11.4,2.2,14.8,-0.8,3.1,12,0,860,2576,2264,225,686,115,19,46,355,18,12,247,106,.303,.374,.432,.806,111,smithea02
William Contreras,11.4,11.4,11.4,4.1,12.2,0.9,5.5,5,2,449,1861,1642,255,455,94,5,68,239,17,3,199,427,.277,.358,.465,.822,124,contrwi02
Cal Raleigh,11.3,11.3,11.3,3.9,10.6,3.5,5.5,4,0,464,1760,1568,203,342,71,2,93,251,7,1,169,508,.218,.296,.444,.740,112,raleica01
John Jaso,10.9,11.2,11.1,2.2,13.5,-2.8,2.0,9,0,808,2591,2224,295,573,143,12,55,281,16,10,319,412,.258,.356,.407,.763,112,jasojo01
Mitchell Murray,11.4,10.6,11.0,3.4,10.5,2.1,4.9,12,0,540,1824,1626,268,490,85,14,29,275,34,,156,,.301,.370,.424,.795,115,murrami02
Jim Essian,10.9,11.0,11.0,2.5,8.8,6.0,3.7,12,0,710,2146,1855,194,453,85,3,33,207,9,13,231,171,.244,.327,.347,.673,90,essiaji01
Jimmie Wilson,11.2,10.6,10.9,1.2,8.9,6.8,-6.1,18,2,1525,5257,4778,580,1358,252,32,32,621,86,60,356,280,.284,.336,.370,.707,82,wilsoji01
Bengie Molina,10.7,10.9,10.8,1.3,9.3,9.3,-6.6,13,0,1362,5159,4812,457,1317,217,6,144,711,3,7,208,471,.274,.307,.411,.718,86,molinbe01
Alan Ashby,11.1,10.0,10.6,1.3,17.0,2.4,-5.0,17,0,1370,4699,4123,397,1010,183,13,90,513,7,10,461,622,.245,.320,.361,.681,93,ashbyal01
Dave Nilsson,10.6,10.4,10.5,2.0,12.3,-2.7,-0.1,8,1,837,3153,2779,389,789,157,10,105,470,15,18,320,424,.284,.356,.461,.817,110,nilssda01
Jim Keenan,10.0,10.7,10.3,3.1,6.3,6.2,5.0,11,0,527,2079,1881,254,451,60,36,22,208,41,0,177,179,.240,.312,.345,.657,98,keenaji01
Mike Zunino,9.2,11.4,10.3,1.7,9.7,5.5,-1.4,11,1,892,3098,2798,326,557,121,5,149,372,2,4,219,1088,.199,.271,.406,.676,87,zuninmi01
Matt Nokes,9.8,10.5,10.2,1.8,12.5,0.8,-0.2,11,1,902,2997,2735,310,695,96,4,136,422,8,7,200,395,.254,.308,.441,.750,106,nokesma01
Dave Valle,10.0,10.3,10.1,1.7,9.0,6.5,-0.7,13,0,970,3147,2775,314,658,121,12,77,350,5,7,258,413,.237,.314,.373,.687,86,valleda01
Jimmy Archer,10.3,9.9,10.1,2.0,6.2,9.1,1.0,12,0,847,2883,2646,247,660,106,34,16,299,36,11,124,283,.249,.288,.333,.621,80,archeji01
Jack O'Connor,9.0,11.0,10.0,1.0,6.6,6.0,-9.9,21,0,1452,5794,5383,714,1418,201,66,19,738,219,,302,285,.263,.307,.336,.643,79,o'conja01
Jack O'Brien,9.7,10.3,10.0,2.8,10.8,0.6,4.1,8,0,555,2380,2169,366,577,106,42,11,308,76,,180,31,.266,.331,.369,.700,116,o'brija01
Tommy Clarke,10.5,9.5,10.0,2.4,12.7,1.7,4.1,10,0,700,1990,1708,169,453,66,37,6,191,42,4,216,183,.265,.351,.358,.709,108,clarkto01
Andy Etchebarren,10.8,9.0,9.9,1.8,9.7,6.9,0.5,15,2,948,2934,2618,245,615,101,17,49,309,13,14,246,529,.235,.306,.343,.649,88,etchean01
Charlie Moore,10.3,9.5,9.9,1.2,13.4,1.4,-4.5,15,0,1334,4483,4033,456,1052,187,43,36,408,51,57,346,470,.261,.319,.355,.675,89,moorech02
Clyde McCullough,9.4,10.2,9.8,1.4,8.5,4.2,-3.6,15,2,1098,3462,3121,308,785,121,28,52,339,27,16,265,398,.252,.314,.358,.672,85,mcculcl01
David Ross,10.0,9.6,9.8,1.8,7.3,7.1,1.9,15,0,883,2644,2280,254,521,116,5,106,314,3,5,287,735,.229,.316,.423,.739,94,rossda01
John Grim,9.6,9.8,9.7,2.2,6.5,6.6,0.1,11,0,708,2812,2644,351,707,119,37,16,332,83,,87,84,.267,.303,.359,.661,82,grimjo01
Mitch Garver,9.6,9.7,9.7,2.8,10.7,-0.6,2.9,8,0,564,2059,1789,255,422,87,6,97,279,2,2,234,550,.236,.330,.454,.784,116,garvemi01
Mike González,9.4,9.9,9.6,1.5,7.2,6.2,-0.9,17,0,1042,3155,2829,283,717,123,19,13,263,52,11,231,198,.253,.314,.324,.638,81,gonzami01
Bill Killefer,9.8,9.5,9.6,1.5,1.9,14.1,-1.4,13,0,1035,3406,3150,237,751,86,21,4,240,39,12,113,159,.238,.273,.283,.555,63,killebi01
Jay Clarke,9.2,9.9,9.5,2.9,10.2,2.3,2.5,9,0,506,1726,1536,157,390,64,20,6,127,16,0,138,186,.254,.318,.333,.652,102,clarkni01
Frank Duncan,10.6,8.5,9.5,2.0,6.7,5.5,0.4,22,1,863,3139,2691,410,693,116,26,14,340,58,,319,,.258,.342,.336,.677,84,duncafr02
Ryan Hanigan,9.2,9.7,9.4,2.2,6.6,6.7,2.0,11,0,680,2269,1959,192,492,71,1,30,214,1,1,255,290,.251,.344,.334,.679,84,hanigry01
Ozzie Virgil,9.0,9.8,9.4,2.0,11.9,1.1,0.2,11,2,739,2555,2258,258,549,84,6,98,307,4,5,248,453,.243,.324,.416,.740,102,virgioz02
Charlie O'Brien,9.7,9.1,9.4,2.0,3.5,10.6,1.4,15,0,800,2560,2232,216,493,119,4,56,261,1,10,209,354,.221,.303,.353,.656,76,o'brich01
Ryan Doumit,8.9,9.9,9.4,1.5,12.6,-1.9,-1.9,10,0,980,3407,3093,350,818,191,7,104,413,12,6,232,621,.264,.324,.432,.756,103,doumiry01
A.J. Ellis,9.4,9.5,9.4,2.3,9.1,4.1,2.1,11,0,672,2303,1948,194,466,82,3,44,229,2,4,280,414,.239,.340,.352,.693,94,ellisaj01
Joe Azcue,8.6,10.2,9.4,1.5,7.8,6.3,-1.7,11,1,909,3095,2828,201,712,94,9,50,304,5,12,207,344,.252,.304,.344,.648,85,azcuejo01
Ken O'Dea,9.2,9.5,9.4,1.8,8.8,2.5,0.6,12,0,832,2513,2195,262,560,101,20,40,323,3,6,273,251,.255,.338,.374,.712,95,o'deake01
Frank Bowerman,9.6,9.1,9.3,1.5,7.7,7.8,-3.3,15,0,1037,3660,3410,345,853,102,38,13,393,81,,130,242,.250,.287,.314,.601,77,bowerfr01
Admiral Schlei,9.3,9.3,9.3,2.4,7.3,6.4,1.8,8,0,636,2187,1918,195,455,52,21,6,209,38,,172,178,.237,.307,.296,.603,83,schlead01
Rick Cerone,8.1,10.4,9.3,1.0,8.3,8.2,-6.6,18,0,1329,4504,4069,393,998,190,15,59,436,6,22,320,450,.245,.301,.343,.644,78,ceronri01
Ed Kirkpatrick,8.1,10.2,9.2,1.0,8.0,-1.4,-5.6,16,0,1311,4009,3467,411,824,143,18,85,424,34,39,456,518,.238,.327,.363,.690,97,kirkped01
Jim Leyritz,7.9,10.4,9.2,1.4,11.5,-4.0,-2.2,11,0,903,2962,2527,325,667,107,2,90,387,7,7,337,581,.264,.362,.415,.777,106,leyriji01
Frankie Pytlak,8.6,9.6,9.1,1.7,6.8,4.2,-0.8,12,0,795,2718,2399,316,677,100,36,7,272,56,29,247,97,.282,.355,.363,.718,84,pytlafr01
Jason LaRue,8.9,9.3,9.1,1.6,5.4,8.4,-0.7,12,0,922,3103,2719,307,628,148,7,96,348,14,11,237,760,.231,.315,.396,.712,84,larueja01
Alejandro Kirk,9.0,9.0,9.0,3.4,7.0,3.8,3.9,5,1,434,1563,1371,139,362,64,1,36,187,0,0,160,180,.264,.344,.391,.735,107,kirkal01
Jack Lapp,8.8,9.1,9.0,2.5,11.5,0.7,1.6,9,0,567,1820,1581,168,416,59,26,5,166,16,15,177,175,.263,.340,.343,.683,104,lappja01
Bill Rariden,7.8,10.2,9.0,1.3,8.6,5.3,-1.1,12,0,982,3316,2877,272,682,105,24,7,275,47,1,340,256,.237,.320,.298,.618,81,raridbi01
Pop Snyder,7.5,10.3,8.9,1.3,4.0,8.8,-3.5,18,0,930,3736,3643,433,855,124,41,9,384,33,9,83,203,.235,.254,.299,.552,72,snydepo01
Derek Norris,8.8,8.8,8.8,2.3,8.5,3.9,1.5,6,1,610,2195,1967,242,453,98,4,63,247,26,6,195,541,.230,.304,.380,.684,90,norride01
Tom Pagnozzi,7.7,9.8,8.8,1.3,2.2,10.1,-2.1,12,1,927,3142,2896,247,733,153,11,44,320,18,21,189,450,.253,.299,.359,.658,80,pagnoto01
Danny Jansen,8.8,8.8,8.8,2.8,8.5,3.2,3.1,7,0,501,1704,1493,210,329,72,1,74,220,1,1,166,338,.220,.308,.419,.727,99,janseda01
Chad Kreuter,7.7,9.8,8.7,1.3,8.0,4.5,-2.3,16,0,944,2932,2505,289,593,123,8,54,274,5,7,361,593,.237,.335,.357,.692,84,kreutch01
James McCann,8.1,9.3,8.7,1.4,8.1,5.6,-3.3,11,1,917,3307,3042,317,733,128,10,92,373,15,10,194,847,.241,.293,.380,.673,83,mccanja02
Travis d'Arnaud,8.4,8.9,8.7,1.5,13.7,-0.1,-2.4,12,1,884,3332,3032,374,753,157,6,123,438,3,1,239,682,.248,.309,.426,.735,99,darnatr01
Silver Flint,7.8,9.5,8.6,1.7,4.4,8.0,-3.0,13,0,760,2968,2913,380,687,129,34,21,295,12,0,54,471,.236,.250,.325,.575,76,flintsi01
Earl Williams,7.9,9.3,8.6,1.4,12.5,-3.6,-3.6,8,0,889,3431,3058,361,756,115,6,138,457,2,5,298,574,.247,.318,.424,.742,106,williea02
Billy Sullivan,8.7,8.4,8.6,1.2,3.5,12.7,-6.4,16,0,1147,3992,3647,363,777,119,33,21,378,98,2,170,565,.213,.254,.281,.535,63,sullibi03
Damian Miller,8.9,8.2,8.6,1.5,7.4,7.1,-2.1,11,1,989,3558,3182,361,834,205,4,87,406,5,5,303,772,.262,.329,.411,.740,89,milleda02
Evan Gattis,8.5,8.5,8.5,2.0,9.7,-3.0,-0.5,6,0,706,2662,2443,299,605,116,12,139,410,3,3,167,575,.248,.300,.476,.775,111,gattiev01
Pat Moran,7.5,9.4,8.5,1.5,6.5,6.3,-2.2,14,0,818,2871,2634,198,618,102,24,18,262,55,0,142,327,.235,.283,.312,.595,78,moranpa01
Kelly Shoppach,8.3,8.6,8.5,2.3,8.3,3.4,1.7,9,0,572,1855,1616,208,361,92,2,70,216,1,0,155,624,.223,.312,.413,.725,95,shoppke01
Darrin Fletcher,7.6,9.2,8.4,1.0,10.3,3.6,-6.2,14,1,1245,4271,3902,377,1048,214,8,124,583,2,6,255,399,.269,.318,.423,.740,92,fletcda01
Roberto Pérez,8.1,8.7,8.4,2.5,3.3,8.1,2.0,10,0,516,1769,1520,165,314,57,4,55,193,2,1,192,527,.207,.298,.358,.655,75,perezro02
Patsy Gharrity,8.1,8.6,8.3,1.9,7.1,2.3,-0.5,10,0,676,2248,1961,237,513,92,26,20,249,32,13,188,231,.262,.331,.366,.696,90,gharrpa01
Jack Hiatt,8.5,8.1,8.3,2.9,8.4,1.6,3.6,9,0,483,1387,1142,110,287,51,5,22,154,0,1,224,295,.251,.374,.363,.737,109,hiattja01
Jake Early,8.2,8.4,8.3,1.8,6.2,4.2,0.5,9,1,747,2519,2208,216,532,98,23,32,264,7,8,281,259,.241,.330,.350,.679,89,earlyja01
Butch Henline,7.7,8.9,8.3,1.7,9.0,0.7,-0.1,11,0,740,2385,2101,258,611,96,21,40,268,18,12,192,156,.291,.361,.414,.774,97,henlibu01
Pop Schriver,8.6,7.9,8.3,1.7,10.2,2.4,-2.0,14,0,803,3039,2733,368,721,117,40,16,377,46,,227,167,.264,.330,.353,.683,88,schripo01
Ira Thomas,8.2,8.3,8.3,2.7,5.5,5.6,2.4,10,0,484,1502,1352,124,327,46,17,3,155,20,1,82,141,.242,.296,.308,.604,82,thomair01
Miguel Olivo,8.0,8.5,8.2,1.2,8.8,5.4,-5.4,13,0,1124,3993,3765,435,905,177,26,145,490,53,34,158,1060,.240,.275,.417,.691,82,olivomi01
Barney Gilligan,7.2,9.2,8.2,2.2,4.4,5.8,-0.2,10,0,521,2012,1865,215,386,68,23,3,167,8,,147,235,.207,.265,.273,.538,70,gilliba01
Joe Sugden,8.4,8.0,8.2,1.6,8.4,4.3,-2.6,13,0,836,3079,2729,303,696,72,25,3,283,48,0,220,165,.255,.318,.303,.621,78,sugdejo01
Joe Garagiola,8.0,8.2,8.1,1.9,9.0,1.3,-0.3,9,0,676,2170,1872,198,481,82,16,42,255,5,5,267,173,.257,.354,.385,.739,97,garagjo01
Clarence Palm,8.7,7.5,8.1,2.8,8.5,1.2,3.6,19,0,495,1583,1451,208,424,62,18,50,285,22,,115,,.292,.345,.463,.808,116,palmcl01
Tyler Flowers,8.1,8.0,8.1,1.6,9.9,3.2,-1.2,12,0,802,2776,2456,267,582,111,5,86,301,2,6,227,852,.237,.319,.391,.710,91,flowety01
Emil Gross,8.0,8.0,8.0,5.3,9.9,-0.2,4.5,5,0,248,1038,987,141,291,67,21,7,107,,,51,52,.295,.329,.427,.756,146,grossem01
Bruce Benedict,7.3,8.7,8.0,1.2,3.2,9.9,-3.9,12,2,982,3295,2878,214,696,98,6,18,260,12,20,328,251,.242,.320,.299,.619,71,benedbr01
Harry Bemis,7.4,8.6,8.0,1.7,10.4,1.4,-1.9,9,0,704,2415,2229,214,569,92,29,5,234,49,,79,263,.255,.292,.329,.621,91,bemisha01
Connie Mack HOF,6.9,8.9,7.9,1.6,5.7,4.8,-2.7,11,0,724,2949,2698,392,659,79,28,5,265,127,,170,127,.244,.305,.300,.604,72,mackco01
Elrod Hendricks,7.4,8.4,7.9,1.7,7.0,4.1,-0.1,12,0,710,2155,1888,205,415,66,7,62,230,1,5,229,319,.220,.306,.361,.666,90,hendrel01
Stephen Vogt,7.1,8.6,7.9,1.5,8.3,1.0,-1.8,10,2,794,2598,2348,259,560,121,13,82,313,5,5,210,491,.239,.301,.406,.707,93,vogtst01
Nick Hundley,7.4,8.1,7.8,1.2,9.9,3.2,-3.2,12,0,974,3373,3097,319,766,169,20,93,376,15,18,219,810,.247,.299,.405,.703,91,hundlni01
Bill Salkeld,7.8,7.8,7.8,3.5,8.1,0.7,3.8,6,0,356,1050,850,111,232,39,2,31,132,6,8,182,101,.273,.402,.433,.835,128,salkebi01
Clint Courtney,7.1,8.4,7.7,1.2,8.1,2.4,-2.7,11,0,946,3147,2796,260,750,126,17,38,313,3,16,264,143,.268,.339,.366,.705,94,courtcl01
Alex Treviño,7.9,7.6,7.7,1.4,7.1,5.2,-1.3,13,0,939,2701,2430,245,604,117,10,23,244,19,11,205,317,.249,.310,.333,.643,81,trevial01
Dioner Navarro,7.1,8.4,7.7,1.1,8.1,4.7,-5.2,13,1,1009,3551,3207,322,802,142,6,77,367,14,12,265,518,.250,.309,.370,.679,83,navardi01
Billy Sullivan,7.7,7.6,7.6,1.3,8.3,0.3,-3.1,12,0,962,3130,2840,346,820,152,32,29,388,30,33,240,119,.289,.346,.395,.742,92,sullibi04
Brian Schneider,6.8,8.4,7.6,1.0,5.2,7.3,-4.0,13,0,1048,3570,3165,284,781,167,9,67,387,4,8,331,526,.247,.320,.369,.689,81,schnebr01
Pinky Hargrave,7.1,8.0,7.6,1.8,7.4,1.2,0.4,10,0,650,1786,1601,177,445,91,16,39,268,17,4,140,165,.278,.339,.428,.767,99,hargrpi01
Gabriel Moreno,7.6,7.6,7.6,5.3,4.2,4.8,5.0,3,0,233,804,715,82,200,38,2,13,102,9,3,74,135,.280,.347,.393,.740,105,morenga01
Dave Duncan,6.5,8.3,7.4,1.1,9.9,2.7,-4.8,11,1,929,3192,2885,274,617,79,4,109,341,5,13,252,677,.214,.279,.357,.636,85,duncada01
Greg Myers,7.3,7.4,7.4,1.1,6.8,5.0,-4.2,18,0,1108,3352,3042,333,776,150,7,87,396,3,12,268,539,.255,.313,.395,.708,86,myersgr01
Christian Vázquez,6.6,8.1,7.3,1.2,6.0,6.2,-4.5,10,0,928,3303,3054,346,774,150,5,68,335,32,17,199,621,.253,.301,.373,.673,81,vazquch01
George Mitterwald,6.1,8.5,7.3,1.1,4.6,6.3,-3.8,11,0,887,2919,2645,251,623,93,7,76,301,14,17,222,607,.236,.296,.362,.658,80,mittege01
Boss Schmidt,7.3,7.3,7.3,2.5,5.1,5.4,1.1,6,0,477,1611,1480,137,360,41,22,3,124,23,,36,109,.243,.270,.307,.577,80,schmibo01
Charlie Ganzel,8.0,6.5,7.3,1.6,4.1,7.2,-3.0,14,0,787,3184,2987,421,774,91,45,10,412,60,,162,124,.259,.301,.330,.631,73,ganzech01
Wilbert Robinson HOF,6.7,7.9,7.3,0.8,11.9,2.4,-10.1,17,0,1371,5433,5075,637,1388,212,51,18,722,196,,286,323,.273,.316,.346,.662,83,robinwi01
Clyde Kluttz,7.3,7.3,7.3,1.8,4.9,4.4,0.0,9,0,656,2077,1903,172,510,90,8,19,212,5,3,132,119,.268,.318,.354,.671,86,kluttcl01
Mike Redmond,6.3,8.2,7.2,1.3,6.1,4.0,-1.8,13,0,764,2503,2264,208,649,117,3,13,243,1,2,145,255,.287,.342,.358,.700,86,redmomi01
Gerald Laird,6.5,7.9,7.2,1.3,5.1,6.3,-3.1,13,0,799,2734,2452,314,597,137,9,38,238,21,11,193,494,.243,.305,.353,.658,74,lairdge01
Ryan Jeffers,7.2,7.2,7.2,2.9,6.8,2.4,2.6,5,0,396,1391,1232,160,284,57,4,59,176,6,3,115,376,.231,.310,.427,.737,104,jeffery01
Bob Wood,7.2,7.2,7.2,3.0,7.6,1.6,2.2,7,0,383,1371,1246,149,350,73,15,2,168,15,,89,33,.281,.338,.368,.707,101,woodbo01
Fred Jacklitsch,6.7,7.5,7.1,2.2,6.6,2.9,2.4,13,0,490,1592,1344,160,327,64,12,5,153,35,,201,258,.243,.349,.320,.669,98,jacklfr01
Larry Brown,7.5,6.6,7.1,1.6,6.9,2.2,-0.7,22,7,741,2499,2182,258,568,89,31,13,281,19,0,254,,.260,.343,.347,.690,88,brownla02
Eddie Ainsmith,6.4,7.7,7.1,1.0,7.3,4.3,-6.5,15,0,1078,3430,3048,300,707,108,54,22,320,86,19,263,407,.232,.296,.324,.620,76,ainsmed01
Red Dooin,5.2,8.8,7.0,0.7,7.4,6.3,-9.2,15,0,1290,4285,4004,333,961,139,31,10,344,133,6,155,328,.240,.272,.298,.570,72,dooinre01
John Wockenfuss,7.1,6.9,7.0,1.4,11.4,-5.2,-0.7,12,0,795,2373,2072,267,543,73,11,86,310,5,11,277,278,.262,.349,.432,.782,115,wockejo01
Jacob Stallings,6.3,7.7,7.0,1.9,4.0,5.6,0.6,9,0,533,1793,1586,160,379,78,2,33,184,1,1,168,395,.239,.319,.353,.672,83,stallja01
William Clarke,5.4,8.6,7.0,0.9,6.6,3.0,-7.8,13,0,950,3674,3346,394,858,110,32,20,429,54,,176,218,.256,.310,.326,.637,75,clarkbo02
Tucker Barnhart,6.7,7.2,7.0,1.2,4.2,7.7,-3.3,11,0,912,3088,2736,254,659,131,6,53,292,8,5,296,649,.241,.318,.351,.669,79,barnhtu01
Kirt Manwaring,5.2,8.7,6.9,0.8,-0.1,10.5,-5.1,13,0,1008,3338,2982,248,733,111,20,21,278,10,19,243,505,.246,.311,.318,.629,69,manwaki01
Martín Maldonado,6.6,7.2,6.9,0.9,2.4,11.4,-6.3,14,0,1166,3867,3449,358,701,132,4,115,372,3,5,296,1050,.203,.278,.344,.622,70,maldoma01
Tyler Stephenson,6.9,6.9,6.9,2.4,8.1,0.6,1.5,5,0,470,1637,1455,212,389,76,3,50,208,2,1,150,383,.267,.343,.427,.770,105,stephty01
Gene Oliver,6.5,7.2,6.9,1.3,10.3,-3.3,-2.9,10,0,786,2467,2216,268,546,111,5,93,320,24,21,215,420,.246,.315,.427,.742,103,olivege01
Frank Fernández,6.8,6.8,6.8,3.9,5.9,2.3,3.7,6,0,285,908,727,92,145,21,2,39,116,4,4,164,231,.199,.350,.395,.744,114,fernafr01
Doug Allison,6.9,6.8,6.8,3.5,4.9,3.2,1.9,10,0,318,1431,1407,236,382,44,10,2,139,5,2,24,44,.271,.284,.321,.605,93,allisdo01
Poindexter Williams,6.8,6.9,6.8,2.4,6.7,0.9,1.7,10,0,448,1500,1397,169,415,62,25,22,247,10,,87,,.297,.343,.424,.768,106,willipo02
Tom Young,6.6,6.9,6.8,3.1,6.3,1.1,2.7,10,1,346,1165,1058,183,314,56,24,11,190,33,,99,,.297,.359,.426,.785,111,youngto01
Gabby Street,6.4,7.0,6.7,2.1,3.8,6.0,-0.1,8,0,504,1689,1501,98,312,44,11,2,105,17,0,119,144,.208,.273,.256,.529,66,streega01
Jake Gibbs,6.7,6.8,6.7,2.0,3.8,6.1,0.4,10,0,538,1795,1639,157,382,53,8,25,146,28,22,120,231,.233,.289,.321,.610,81,gibbsja01
Omar Narváez,6.2,7.2,6.7,1.5,8.8,1.1,-1.6,9,1,677,2298,2016,228,507,83,2,53,203,0,2,240,435,.251,.334,.374,.708,95,narvaom01
Curt Casali,6.9,6.4,6.6,2.0,5.1,4.5,1.6,11,0,543,1579,1367,157,298,61,1,48,162,2,2,169,423,.218,.312,.369,.682,86,casalcu01
Mack Eggleston,6.2,6.9,6.6,2.0,5.8,1.2,0.1,12,0,509,1867,1645,219,442,74,22,24,248,21,,180,,.269,.345,.384,.729,96,egglema01
Fran Healy,6.5,6.6,6.6,2.3,6.1,3.3,1.4,9,0,470,1496,1326,145,332,60,6,20,141,30,17,154,242,.250,.329,.350,.679,91,healyfr02
Chris Fulmer,6.5,6.5,6.5,4.2,4.1,3.2,4.5,5,0,252,1004,876,176,216,37,9,1,85,76,,122,65,.247,.343,.313,.655,106,fulmech02
Manny Piña,6.4,6.6,6.5,2.5,3.4,5.0,2.4,10,0,418,1255,1126,133,274,55,2,43,149,4,1,94,261,.243,.312,.410,.722,90,pinama01
Ed Taubensee,5.5,7.5,6.5,0.9,12.0,-2.0,-4.2,11,0,975,3178,2874,351,784,151,9,94,419,11,10,255,574,.273,.331,.430,.761,99,taubeed01
Jarrod Saltalamacchia,5.9,7.1,6.5,1.1,10.0,0.6,-5.1,12,0,895,3191,2852,377,662,161,6,110,381,5,7,304,984,.232,.306,.408,.715,91,saltaja01
Verne Clemons,6.5,6.5,6.5,2.2,7.0,1.1,1.7,7,0,474,1415,1271,78,364,56,11,5,140,6,1,119,62,.286,.348,.360,.708,98,clemove01
Charlie Berry,5.9,6.9,6.4,1.4,4.4,3.4,-2.3,11,0,709,2217,2018,196,539,88,29,23,256,13,7,160,196,.267,.322,.374,.696,84,berrych02
Chris Cannizzaro,6.3,6.5,6.4,1.4,4.4,5.9,-1.6,13,1,740,2240,1950,132,458,66,12,18,169,3,17,241,354,.235,.319,.309,.628,78,cannich01
Pat Collins,5.6,7.1,6.4,1.7,6.9,-0.1,-0.1,10,0,543,1480,1204,146,306,46,6,33,168,4,4,235,202,.254,.378,.385,.762,98,collipa01
Ed Herrmann,5.9,6.9,6.4,1.0,8.8,2.2,-4.7,11,1,922,3057,2729,247,654,92,4,80,320,6,8,260,361,.240,.310,.364,.674,91,herrmed01
Yainer Diaz,6.4,6.4,6.4,4.0,6.0,0.9,3.1,3,0,258,1005,948,121,276,52,3,39,145,2,0,36,183,.291,.317,.476,.793,121,diazya02
Elias Díaz,5.7,6.9,6.3,1.3,5.1,4.6,-2.5,10,1,724,2517,2317,242,582,123,4,62,297,2,2,169,480,.251,.304,.388,.692,82,diazel01
Joe Girardi,5.6,7.1,6.3,0.7,4.8,7.9,-8.8,15,1,1277,4535,4127,454,1100,186,26,36,422,44,31,279,607,.267,.315,.350,.666,72,girarjo01
Jonah Heim,6.3,6.3,6.3,2.1,4.9,4.4,0.5,5,1,484,1768,1625,184,371,73,2,57,239,8,2,125,334,.228,.285,.381,.666,86,heimjo01
Joe Greene,6.3,6.3,6.3,4.3,6.1,0.6,3.6,11,3,236,863,723,135,193,32,20,16,125,12,,123,,.267,.376,.433,.809,135,greenjo04
John Wathan,4.9,7.6,6.3,0.9,6.2,1.4,-4.0,10,0,860,2764,2505,305,656,90,25,21,261,105,36,199,265,.262,.318,.343,.661,83,wathajo01
Luke Sewell,4.8,7.7,6.2,0.5,2.9,6.9,-17.6,20,1,1630,6047,5383,653,1393,272,56,20,698,66,45,486,307,.259,.323,.341,.665,70,sewellu01
William Fischer,6.2,6.2,6.2,2.4,7.2,1.4,2.9,5,0,412,1226,1099,109,301,50,15,10,115,20,1,90,66,.274,.332,.374,.706,110,fischwi01
Tom Lampkin,6.2,6.1,6.2,1.3,5.0,4.0,-0.4,13,0,777,2052,1796,224,422,78,8,56,236,23,17,193,286,.235,.319,.381,.700,86,lampkto01
Rod Barajas,4.6,7.8,6.2,0.7,5.5,5.6,-8.0,14,0,1114,3784,3460,396,812,187,1,136,480,2,2,207,638,.235,.284,.407,.691,79,barajro01
Yorvit Torrealba,5.4,6.7,6.1,1.0,5.9,4.7,-4.7,13,0,907,3183,2875,306,737,162,12,56,339,19,17,222,544,.256,.315,.379,.694,80,torreyo01
Ed Ott,5.9,6.0,5.9,1.7,5.1,4.0,-0.6,8,0,567,1961,1792,196,465,76,10,33,195,14,16,138,254,.259,.311,.368,.680,86,otted01
Lew Brown,5.9,5.9,5.9,2.5,5.3,2.2,0.9,7,0,378,1576,1531,205,379,83,31,10,169,,,45,155,.248,.269,.362,.631,103,brownle01
Walter Schmidt,5.6,6.2,5.9,1.2,2.3,6.8,-3.1,10,0,766,2635,2411,216,619,63,20,3,234,57,16,137,105,.257,.301,.303,.604,69,schmiwa01
Ron Hodges,6.1,5.5,5.8,1.5,6.1,2.6,0.6,12,0,666,1683,1426,119,342,56,2,19,147,10,13,224,217,.240,.342,.322,.663,88,hodgero01
John Buck,5.8,5.7,5.8,0.9,11.0,1.6,-7.9,11,1,1090,4009,3612,389,844,172,9,134,491,6,12,307,959,.234,.301,.398,.698,86,buckjo01
Rollie Hemsley,3.7,7.8,5.8,0.4,2.6,6.0,-15.0,19,5,1593,5513,5047,562,1321,257,72,31,555,29,22,357,395,.262,.311,.360,.671,74,hemslro01
Buck Martinez,4.5,6.9,5.7,0.7,3.2,7.6,-5.7,17,0,1049,3072,2743,245,618,128,10,58,321,5,10,230,419,.225,.284,.343,.627,73,martibu01
Jerry May,5.4,6.1,5.7,1.6,3.6,4.9,-0.8,10,0,556,1716,1527,120,357,63,10,15,130,1,2,157,293,.234,.307,.318,.625,81,mayje01
Jim Stephens,5.7,5.7,5.7,2.1,3.7,4.6,0.3,6,0,428,1383,1252,95,276,30,21,3,97,14,2,77,169,.220,.273,.285,.558,73,stephji01
Jeff Reed,4.4,6.9,5.7,0.6,5.4,4.4,-6.8,17,0,1234,3566,3101,311,774,144,10,61,323,7,9,391,566,.250,.334,.361,.695,82,reedje02
Mickey Owen,4.5,6.7,5.6,0.6,3.5,4.7,-9.8,13,4,1209,4074,3649,338,929,163,21,14,378,36,18,326,181,.255,.318,.322,.640,76,owenmi01
Toby Hall,4.7,6.4,5.6,1.1,3.0,6.1,-4.2,9,0,686,2514,2350,211,616,123,1,46,269,2,8,104,216,.262,.297,.374,.671,78,hallto02
Ronny Paulino,5.3,5.7,5.5,1.5,4.4,4.0,-0.8,8,0,573,2032,1867,181,508,93,1,33,216,4,2,145,328,.272,.324,.376,.700,85,pauliro01
Glenn Borgmann,5.6,5.5,5.5,1.9,4.2,4.6,0.2,9,0,474,1526,1294,137,296,42,4,16,151,4,3,191,191,.229,.325,.304,.630,79,borgmgl01
John Henry,4.9,6.0,5.5,1.2,4.2,4.6,-4.0,9,0,687,2255,1920,161,397,54,15,2,171,55,12,244,271,.207,.303,.254,.557,65,henryjo02
Del Rice,4.7,6.1,5.4,0.6,4.3,5.1,-11.7,17,1,1309,4314,3826,342,908,177,20,79,441,2,3,382,522,.237,.312,.356,.668,78,ricede01
Al Todd,4.3,6.4,5.4,0.8,3.7,3.1,-5.9,11,0,863,2940,2785,286,768,119,29,35,366,18,17,104,243,.276,.307,.377,.684,83,toddal01
Jim Hegan,4.6,6.1,5.4,0.4,1.3,8.7,-11.7,17,5,1666,5322,4772,550,1087,187,46,92,525,15,24,456,742,.228,.295,.344,.639,74,heganji01
Bob Stinson,4.3,6.4,5.4,1.1,7.8,0.2,-2.2,12,0,652,1921,1634,166,408,61,7,33,180,8,10,201,254,.250,.337,.356,.693,93,stinsbo01
Sam Agnew,5.3,5.3,5.3,1.5,0.9,7.7,-1.5,7,0,563,1722,1537,105,314,41,14,2,98,29,10,102,216,.204,.265,.253,.518,56,agnewsa01
Kenji Johjima,5.3,5.3,5.3,1.9,6.7,1.6,-0.8,4,0,462,1722,1609,166,431,84,1,48,198,7,5,66,148,.268,.310,.411,.721,91,johjike01
Jim Brown,5.1,5.5,5.3,1.2,6.0,-1.3,-3.4,16,0,701,2552,2295,368,631,107,36,17,365,73,,212,,.275,.339,.375,.715,93,brownji04
Doug Mirabelli,4.8,5.9,5.3,1.4,4.5,2.9,-0.9,12,0,566,1655,1456,162,337,78,2,58,206,3,0,165,415,.231,.317,.407,.724,87,mirabdo01
Bill Perkins,4.4,6.1,5.3,1.4,4.9,0.2,-1.3,16,2,500,1835,1678,239,469,65,28,29,281,20,,128,,.279,.333,.403,.736,96,perkibi01
Red Wilson,4.6,5.9,5.2,1.2,5.2,2.0,-1.8,10,0,602,2038,1765,206,455,84,8,24,189,25,12,215,163,.258,.338,.355,.694,87,wilsore01
Tom Murphy,4.8,5.6,5.2,2.3,4.8,1.7,1.3,9,0,327,1055,945,117,226,46,2,49,128,3,1,94,339,.239,.310,.448,.757,104,murphto04
Con Daily,4.0,6.3,5.2,1.0,5.7,1.6,-4.4,12,0,629,2454,2215,280,541,74,22,2,262,94,,208,208,.244,.315,.300,.615,76,dailyco01
Todd Pratt,4.3,6.0,5.1,1.0,5.5,1.3,-1.4,14,0,662,1869,1612,194,404,84,3,49,224,6,2,208,454,.251,.344,.398,.741,94,prattto02
Joe Tipton,5.1,5.1,5.1,2.0,3.9,2.4,1.1,7,0,417,1325,1117,116,264,36,5,29,125,3,3,186,142,.236,.351,.355,.706,92,tiptojo01
Ed Sweeney,4.3,5.8,5.1,1.1,6.4,1.9,-4.1,9,0,644,2128,1841,173,427,48,13,3,151,63,14,181,182,.232,.310,.277,.587,73,sweenje02
Austin Barnes,4.5,5.6,5.0,1.2,4.6,2.9,-1.0,10,0,599,1713,1474,202,329,60,3,35,160,23,6,195,377,.223,.324,.339,.663,81,barneau01
Glenn Myatt,3.6,6.3,5.0,0.6,7.0,-1.2,-7.7,16,0,1004,3014,2678,346,722,137,37,38,387,20,18,248,195,.270,.334,.391,.725,85,myattgl01
Austin Nola,5.0,5.0,5.0,2.3,5.2,1.1,1.0,5,0,345,1196,1049,125,261,51,2,24,136,3,2,107,207,.249,.326,.370,.696,96,nolaau01
Birdie Tebbetts,3.8,6.1,5.0,0.5,3.1,4.2,-9.1,14,4,1162,4153,3704,357,1000,169,22,38,469,29,23,389,261,.270,.341,.358,.700,81,tebbebi01
Red Kleinow,4.8,5.1,5.0,1.3,4.5,4.1,-2.6,8,0,584,1884,1665,146,354,45,20,3,135,42,,153,214,.213,.282,.269,.551,71,kleinre01
Chris Snyder,4.5,5.4,4.9,1.0,4.1,4.4,-2.9,10,0,715,2459,2087,227,467,98,1,77,298,0,3,309,560,.224,.328,.382,.710,84,snydech02
Bruce Edwards,4.7,5.2,4.9,1.3,5.8,0.4,-2.8,10,2,591,1896,1675,191,429,67,20,39,241,9,10,190,179,.256,.335,.390,.725,93,edwarbr01
Pat Deasley,4.6,5.2,4.9,1.8,2.9,3.8,-0.4,8,0,402,1519,1466,161,358,37,9,0,120,7,,49,89,.244,.271,.282,.552,74,deaslpa01
Joe Oliver,3.8,6.0,4.9,0.6,3.6,5.9,-7.9,13,0,1076,3698,3367,320,831,174,3,102,476,13,13,248,637,.247,.299,.391,.690,83,olivejo01
Michael Barrett,2.7,7.0,4.9,0.4,10.1,-2.0,-9.0,12,0,1054,3873,3512,398,925,220,21,98,424,11,17,279,480,.263,.320,.422,.742,89,barremi01
Devin Mesoraco,4.7,5.1,4.9,1.6,5.3,1.9,-0.3,8,1,468,1574,1402,152,325,66,2,58,192,4,7,138,316,.232,.309,.406,.715,95,mesorde01
Carl Sawatski,4.2,5.4,4.8,1.1,5.5,0.8,-2.1,11,0,633,1661,1449,133,351,46,5,58,213,2,0,191,251,.242,.330,.401,.731,93,sawatca01
Pat Borders,3.6,6.0,4.8,0.5,4.8,4.8,-8.4,17,0,1099,3499,3282,289,831,168,12,69,346,9,14,155,557,.253,.288,.375,.663,77,bordepa01
Johnny Gooch,4.1,5.5,4.8,0.8,4.4,2.0,-4.3,11,0,805,2615,2363,227,662,98,29,7,293,11,6,206,141,.280,.342,.355,.697,80,goochjo01
Sam Trott,4.7,4.9,4.8,2.1,4.5,2.0,0.7,8,0,360,1412,1354,166,338,73,22,3,123,9,,54,63,.250,.280,.343,.623,93,trottsa01
Farmer Vaughn,2.8,6.7,4.8,0.5,3.5,2.0,-8.8,13,0,915,3645,3454,474,946,147,53,21,525,92,,151,166,.274,.307,.365,.672,81,vaughfa01
Alva Williams,4.8,4.8,4.8,1.6,5.7,0.0,-0.6,7,0,497,1361,1186,111,314,51,23,2,145,27,8,95,123,.265,.328,.352,.680,97,williri01
Doc Bushong,3.6,5.9,4.8,0.9,-0.6,8.1,-3.9,13,0,672,2527,2397,287,514,58,13,2,184,39,0,124,125,.214,.255,.252,.507,56,bushodo01
Hal Smith,4.1,5.4,4.7,0.8,7.8,-0.3,-5.7,10,0,879,2942,2682,269,715,148,10,58,323,7,10,196,361,.267,.317,.394,.711,94,smithha08
Hank Foiles,4.8,4.7,4.7,1.3,5.3,2.0,-1.2,11,1,608,1655,1455,171,353,59,10,46,166,3,7,170,295,.243,.321,.392,.713,92,foileha01
Oscar Stanage,3.9,5.5,4.7,0.6,6.8,4.2,-11.3,14,0,1096,3856,3503,248,819,123,34,8,328,30,6,219,464,.234,.284,.295,.579,69,stanaos01
Duffy Dyer,3.6,5.6,4.6,0.8,2.2,5.3,-3.7,14,0,722,2266,1993,151,441,74,11,30,173,10,4,228,415,.221,.306,.315,.620,73,dyerdu01
Lew McCarty,4.5,4.7,4.6,1.4,7.8,-0.4,-0.8,9,0,532,1643,1479,113,393,47,20,5,138,20,4,102,109,.266,.318,.335,.653,97,mccarle01
Don Pavletich,4.1,5.2,4.6,1.2,6.8,-1.8,-1.7,12,0,536,1549,1373,163,349,73,8,46,193,5,2,148,237,.254,.328,.420,.747,104,pavledo01
Caleb Joseph,4.6,4.6,4.6,1.7,1.4,5.9,-0.1,7,0,425,1367,1263,133,281,58,4,32,127,2,2,73,320,.222,.270,.351,.621,69,josepca01
Doc Kennedy,4.5,4.5,4.5,4.6,3.3,2.3,2.2,5,0,160,630,615,67,160,25,4,1,53,,,15,37,.260,.278,.319,.596,97,kennedo01
Freddy Fermin,4.5,4.5,4.5,4.0,2.4,3.1,2.5,3,0,184,610,563,67,153,24,1,15,68,2,1,36,119,.272,.316,.398,.714,97,fermifr01
Zack Taylor,3.1,5.9,4.5,0.6,0.0,5.9,-7.0,16,0,918,3101,2865,258,748,113,28,9,311,9,9,161,192,.261,.304,.329,.634,68,tayloza02
Tony Eusebio,4.5,4.5,4.5,1.2,5.1,2.0,-1.5,9,0,598,1955,1739,179,479,87,5,30,241,1,5,182,324,.275,.346,.383,.729,91,eusebto01
Don Padgett,4.1,4.8,4.5,1.0,7.5,-3.8,-3.7,8,0,699,2148,1991,247,573,111,16,37,338,6,6,141,130,.288,.336,.415,.752,102,padgedo01
Einar Díaz,3.3,5.7,4.5,0.8,2.3,4.8,-4.5,11,0,673,2257,2061,222,523,116,6,21,202,21,10,96,199,.254,.302,.346,.649,68,diazei01
Carson Kelly,4.0,4.9,4.5,1.2,4.4,2.7,-2.1,9,0,556,1802,1591,190,357,71,2,54,207,3,0,174,368,.224,.307,.373,.681,86,kellyca02
John Orsino,4.4,4.4,4.4,2.2,5.3,0.9,0.8,7,0,332,1135,1014,114,252,44,5,40,123,3,3,92,191,.249,.319,.420,.739,106,orsinjo01
Tommie Dukes,4.2,4.6,4.4,2.7,4.7,-0.1,1.3,10,1,252,911,824,129,248,37,13,13,131,5,,68,,.301,.359,.425,.784,114,dukesto02
Dave Rader,4.1,4.7,4.4,0.8,6.0,2.5,-4.5,10,0,846,2702,2405,254,619,107,12,30,235,8,4,245,180,.257,.326,.349,.675,86,raderda01
José Molina,3.1,5.7,4.4,0.5,0.9,7.7,-6.9,15,0,947,2795,2546,240,592,117,3,39,223,20,7,154,576,.233,.282,.327,.608,64,molinjo01
Dick Buckley,4.3,4.5,4.4,1.3,4.1,3.1,-2.7,8,0,524,1974,1833,213,449,72,14,26,216,25,,98,188,.245,.291,.342,.633,80,buckldi01
Dan Kennard,4.3,4.3,4.3,3.5,4.5,0.4,2.0,5,0,202,715,641,87,188,42,11,13,121,10,,43,,.293,.351,.454,.805,122,kennada01
Buck Rodgers,3.4,5.2,4.3,0.6,2.5,6.8,-7.4,9,0,932,3353,3033,259,704,114,18,31,288,17,27,234,409,.232,.288,.312,.600,74,rodgebu01
Lew Drill,4.3,4.3,4.3,2.3,7.1,-1.1,0.1,4,0,293,1057,896,87,231,41,10,2,100,21,,114,114,.258,.353,.333,.686,109,drillle01
Fatty Briody,4.1,4.3,4.2,2.1,1.9,4.3,0.0,8,0,323,1231,1186,134,271,52,7,3,115,6,,44,119,.228,.257,.292,.548,69,briodfa01
Barry Foote,3.3,5.1,4.2,0.8,1.5,5.6,-3.9,10,0,687,2300,2127,191,489,103,10,57,230,10,6,136,287,.230,.277,.368,.645,75,footeba01
Geno Petralli,3.8,4.6,4.2,0.8,7.4,-0.4,-3.3,12,0,809,2131,1874,184,501,83,9,24,192,8,6,216,263,.267,.344,.360,.703,95,petrage01
Bennie Tate,3.7,4.7,4.2,1.1,3.2,1.9,-2.8,10,0,566,1716,1560,144,435,68,16,4,172,5,16,118,51,.279,.330,.351,.681,79,tatebe01
Jerry McNertney,4.0,4.3,4.1,1.1,3.5,3.1,-1.5,9,0,590,1606,1423,129,337,51,6,27,163,3,5,119,199,.237,.298,.338,.636,81,mcnerje01
Earl Grace,4.0,4.2,4.1,1.0,4.0,1.8,-2.9,8,0,627,2088,1877,169,493,83,10,31,251,1,5,185,130,.263,.331,.367,.698,87,graceea01
Scott Servais,3.1,5.1,4.1,0.6,3.4,4.0,-5.3,11,0,820,2778,2493,243,611,130,2,63,319,3,6,183,407,.245,.306,.375,.681,79,servasc01
Brent Mayne,2.8,5.3,4.1,0.4,4.0,5.4,-10.6,15,0,1279,4084,3614,359,951,178,8,38,403,18,27,370,580,.263,.332,.348,.680,76,maynebr01
Josh Bard,3.3,4.9,4.1,0.9,5.5,1.0,-3.1,10,0,586,1981,1778,162,452,109,3,39,220,1,4,175,299,.254,.320,.385,.705,90,bardjo01
Shea Langeliers,4.1,4.1,4.1,2.1,5.0,0.8,0.2,3,0,312,1177,1072,124,231,47,7,57,165,7,4,84,341,.215,.276,.432,.708,100,langesh01
Al Evans,3.5,4.5,4.0,0.8,3.8,1.8,-3.5,12,0,704,2322,2053,188,514,70,23,13,211,14,9,243,206,.250,.332,.326,.658,82,evansal01
Cliff Bolton,4.0,4.0,4.0,1.9,4.3,0.7,0.1,7,0,335,1078,962,113,280,49,18,6,143,3,3,110,50,.291,.366,.398,.764,98,boltocl01
Keibert Ruiz,4.0,4.0,4.0,1.6,4.5,1.9,-1.1,5,0,406,1584,1472,145,366,70,0,42,176,10,3,83,174,.249,.296,.382,.677,90,ruizke01
Peaches Graham,4.0,4.0,4.0,1.7,5.8,0.4,-0.1,7,0,373,1174,999,99,265,34,6,1,85,21,,114,67,.265,.347,.314,.661,96,grahape01
Bob Kearney,3.8,4.1,4.0,1.3,2.0,4.8,-0.9,8,0,479,1474,1356,131,316,66,3,27,133,9,12,67,235,.233,.274,.346,.619,71,kearnbo01
Val Picinich,2.4,5.5,4.0,0.4,8.6,-2.8,-9.6,18,0,1037,3318,2877,298,743,166,26,26,298,31,23,314,382,.258,.334,.361,.695,86,picinva01
Connor Wong,4.0,4.0,4.0,2.2,4.1,1.5,0.8,4,0,285,960,879,120,225,53,4,23,96,16,9,56,271,.256,.311,.404,.715,95,wongco01
Nat Hicks,3.9,3.9,3.9,2.5,4.8,0.5,0.0,6,0,257,1167,1142,172,301,35,6,1,116,9,3,25,23,.264,.279,.307,.587,91,hicksna01
John Hines,3.7,4.0,3.9,1.7,3.3,0.0,-0.6,9,0,356,1282,1177,165,331,59,17,7,184,29,,94,,.281,.339,.378,.717,96,hinesjo01
Dave Engle,3.8,4.0,3.9,1.0,3.4,0.1,-2.0,9,1,594,1784,1643,201,431,88,13,31,181,5,5,120,190,.262,.311,.388,.700,90,engleda01
Phil Roof,3.2,4.4,3.8,0.6,2.6,5.4,-5.1,15,0,857,2405,2151,190,463,69,13,43,210,11,10,184,504,.215,.283,.319,.603,73,roofph01
Gus Niarhos,3.4,4.2,3.8,1.8,2.7,1.4,0.9,9,0,315,858,691,114,174,26,5,1,59,6,7,153,56,.252,.390,.308,.699,89,niarhgu01
Vance Wilson,3.7,3.8,3.8,1.5,2.1,3.4,0.4,8,0,403,1054,953,104,238,42,2,25,129,2,8,46,189,.250,.302,.377,.679,78,wilsova01
Jose Trevino,3.8,3.8,3.8,1.5,2.1,4.2,-0.6,7,1,399,1274,1190,131,281,52,1,32,141,4,2,61,225,.236,.275,.362,.637,75,trevijo01
Lou Berberet,3.8,3.8,3.8,1.4,2.3,3.4,-0.7,7,0,448,1449,1224,118,281,34,10,31,153,2,3,200,195,.230,.337,.350,.687,86,berbelo01
Bill Haselman,3.4,4.1,3.8,0.9,4.6,1.4,-2.7,13,0,589,1747,1606,185,416,94,3,47,210,9,9,114,300,.259,.311,.409,.720,84,haselbi01
Earle Brucker,3.7,3.7,3.7,2.5,3.8,0.6,0.9,5,0,241,811,707,87,205,53,8,12,105,2,4,97,65,.290,.376,.438,.815,108,bruckea01
Lenny Webster,3.3,4.2,3.7,0.9,4.7,1.2,-2.1,12,0,587,1617,1450,157,368,73,2,33,176,1,3,140,209,.254,.324,.375,.699,84,webstle01
René Rivera,2.4,5.1,3.7,0.7,1.2,4.1,-3.1,13,0,542,1629,1492,120,330,65,2,43,176,1,1,93,446,.221,.273,.354,.627,72,riverre01
Victor Caratini,3.6,3.8,3.7,1.0,4.3,1.7,-2.8,8,0,606,1847,1631,180,393,61,1,46,201,4,3,165,392,.241,.320,.364,.685,88,caratvi01
Bill Cash,3.7,3.7,3.7,2.1,3.5,0.8,0.7,6,2,279,1057,930,137,254,36,17,8,131,4,,103,,.273,.347,.374,.722,99,cashbi01
Sammy White,1.8,5.5,3.7,0.3,1.4,4.9,-10.1,11,1,1043,3792,3502,324,916,167,20,66,421,14,15,218,381,.262,.305,.377,.682,80,whitesa02
Pinch Thomas,2.8,4.4,3.6,0.9,4.4,0.6,-1.9,10,0,481,1205,1035,88,245,27,8,2,102,12,2,118,85,.237,.318,.284,.602,78,thomapi01
Johnny Oates,3.2,3.9,3.6,0.9,1.6,4.8,-2.7,11,0,593,1820,1637,146,410,56,2,14,126,11,19,141,149,.250,.309,.313,.622,73,oatesjo01
Tim Laudner,3.2,4.0,3.6,0.7,5.5,1.6,-4.1,9,1,734,2268,2038,221,458,97,5,77,263,3,3,190,553,.225,.292,.391,.682,84,laudnti01
Fergy Malone,3.6,3.6,3.6,2.6,3.5,1.0,0.1,7,0,220,1084,1052,200,288,32,7,1,157,21,5,32,19,.274,.295,.320,.616,89,malonfe01
Earl Averill,3.6,3.6,3.6,1.3,4.8,-0.3,-0.5,7,0,449,1218,1031,137,249,41,0,44,159,3,3,162,220,.242,.346,.409,.755,102,averiea02
Larry Woodall,2.9,4.2,3.5,0.8,3.7,0.5,-3.0,10,0,548,1526,1317,161,353,52,15,1,161,16,6,159,67,.268,.347,.333,.680,78,woodala01
Klondike Douglass,3.0,4.0,3.5,0.6,8.8,-5.3,-7.8,9,0,748,3136,2800,368,766,85,29,10,275,84,,227,109,.274,.337,.335,.672,91,douglkl01
Henry Williams,3.4,3.6,3.5,1.6,3.3,0.6,-0.1,8,0,333,1074,1019,153,293,52,15,16,159,14,0,48,,.288,.321,.415,.737,95,willihe01
Duane Josephson,3.5,3.5,3.5,1.2,4.9,1.2,-2.3,8,1,470,1631,1505,147,388,58,12,23,164,4,10,92,174,.258,.303,.358,.661,89,josepdu01
Paddy Livingston,3.5,3.5,3.5,2.7,1.9,2.9,0.9,7,0,206,665,574,48,120,17,12,0,45,9,1,41,60,.209,.287,.280,.568,72,livinpa01
Malachi Kittridge,1.6,5.2,3.4,0.2,-0.2,9.1,-14.5,16,0,1216,4464,4029,375,882,108,31,17,391,64,,314,274,.219,.277,.274,.550,56,kittrma01
George Dixon,2.9,3.8,3.4,1.3,3.1,0.7,-1.1,11,0,362,1210,1051,150,267,38,14,8,175,12,,117,,.254,.338,.340,.678,85,dixonge01
Buck Crouse,3.4,3.3,3.4,1.2,1.9,2.7,-2.3,8,0,470,1472,1306,128,342,54,6,8,162,14,9,114,68,.262,.326,.331,.657,72,crousbu01
Bob Melvin,2.5,4.2,3.3,0.6,0.5,5.4,-4.7,10,0,692,2095,1955,174,456,85,6,35,212,4,13,98,396,.233,.268,.337,.604,69,melvibo01
Ramón Castro,3.0,3.6,3.3,0.9,3.5,2.1,-2.0,13,0,567,1603,1426,155,338,66,0,67,217,2,0,151,375,.237,.310,.424,.734,91,castrra01
Tubby Spencer,2.5,4.1,3.3,0.9,4.7,0.7,-3.1,9,0,449,1458,1326,106,298,43,10,3,134,13,,87,127,.225,.281,.279,.560,76,spenctu01
Max Stassi,2.2,4.5,3.3,0.9,2.4,2.2,-2.1,10,0,403,1285,1137,136,241,42,2,41,128,0,0,119,379,.212,.295,.361,.656,80,stassma01
Hobie Landrith,2.9,3.7,3.3,0.6,2.4,3.8,-5.4,14,0,772,2228,1929,179,450,69,5,34,203,5,12,253,188,.233,.320,.327,.647,75,landrho01
Mickey O'Neil,2.6,4.0,3.3,0.6,-1.3,6.1,-4.7,9,0,672,2203,1995,177,475,41,23,4,179,18,16,139,127,.238,.292,.288,.579,59,o'neimi02
John Flaherty,1.6,5.0,3.3,0.2,1.9,5.7,-10.8,14,0,1047,3640,3372,319,849,176,3,80,395,10,19,175,514,.252,.290,.377,.667,74,flahejo01
Dick Brown,2.9,3.7,3.3,0.7,2.8,3.4,-3.3,9,0,636,2031,1866,175,455,62,3,62,223,7,6,119,356,.244,.291,.380,.671,82,browndi01
Mike Fitzgerald,2.1,4.4,3.3,0.4,6.3,0.0,-6.9,10,0,848,2667,2316,220,545,95,9,48,293,31,20,292,432,.235,.321,.346,.667,87,fitzgmi02
Logan O'Hoppe,3.2,3.2,3.2,2.7,3.7,0.9,0.8,3,0,192,737,675,88,164,23,1,34,87,2,4,49,206,.243,.303,.431,.734,103,ohopplo01
Mike Tresh,2.1,4.3,3.2,0.3,1.5,3.9,-9.4,12,0,1027,3640,3169,326,788,75,14,2,297,19,21,402,263,.249,.335,.283,.619,71,treshmi01
Forrest Cady,3.2,3.2,3.2,1.5,3.4,1.6,-0.7,7,0,355,1005,901,83,216,47,11,1,74,4,5,66,107,.240,.297,.320,.616,82,cadyhi01
Hal Wagner,2.5,3.9,3.2,0.6,5.1,-0.6,-4.0,12,2,672,2142,1849,179,458,90,12,15,228,10,6,253,152,.248,.343,.334,.677,88,wagneha01
Ken Suarez,3.2,3.2,3.2,1.8,2.4,2.3,0.5,7,0,295,785,661,57,150,29,1,5,60,5,3,99,97,.227,.330,.297,.626,81,suareke01
Bobby Estalella,2.5,3.9,3.2,1.3,3.9,0.1,-0.7,9,0,310,1056,904,126,195,49,5,48,147,6,2,130,290,.216,.315,.440,.755,92,estalbo02
Bill DeLancey,3.2,3.2,3.2,2.3,3.9,-0.1,0.9,4,0,219,686,598,79,173,32,10,19,85,1,7,85,74,.289,.380,.472,.851,122,delanbi02
Mickey Livingston,2.3,3.9,3.1,0.7,2.8,1.1,-3.6,10,0,561,1667,1490,128,354,56,9,19,153,7,7,144,141,.238,.310,.326,.636,82,livinmi01
Elmer Sutcliffe,3.1,3.1,3.1,1.4,5.8,-1.7,-1.2,7,0,344,1417,1322,177,381,43,24,6,174,41,,92,87,.288,.336,.371,.707,106,sutclsy01
Jim French,3.1,3.1,3.1,2.1,1.9,2.5,0.5,7,0,234,741,607,53,119,17,4,5,51,3,6,121,78,.196,.328,.262,.590,75,frencji01
Harry McCurdy,2.7,3.4,3.0,0.8,4.4,-0.7,-1.9,10,0,543,1316,1157,148,326,71,12,9,148,12,10,129,108,.282,.355,.387,.743,92,mccurha01
Billy Earle,3.0,3.0,3.0,3.5,2.9,0.6,1.5,5,0,142,538,465,102,133,20,12,6,74,41,,63,36,.286,.378,.419,.798,115,earlebi01
Ray Lamanno,3.0,3.0,3.0,1.1,2.8,1.7,-3.0,5,1,442,1548,1408,122,355,57,5,18,150,2,3,118,151,.252,.314,.338,.653,82,lamanra01
Frank House,2.0,4.0,3.0,0.5,1.5,3.1,-4.8,10,0,653,2188,1994,201,494,64,11,47,235,6,7,151,147,.248,.302,.362,.663,79,housefr03
Johnny Hayes,2.7,3.3,3.0,1.4,2.4,1.0,-0.5,12,2,300,1055,904,109,228,33,5,11,109,7,,117,,.252,.342,.336,.679,85,hayesjo01
Les Moss,1.5,4.5,3.0,0.3,3.9,-0.2,-6.2,13,0,824,2550,2234,210,552,75,4,63,276,1,5,282,316,.247,.333,.369,.702,87,mossle01
Dick Bertell,3.0,3.0,3.0,1.1,0.5,4.9,-2.7,7,0,444,1447,1310,91,327,34,9,10,112,2,4,106,188,.250,.305,.312,.617,70,bertedi01
Pedro Severino,2.4,3.5,3.0,1.1,2.5,1.9,-1.7,8,0,370,1241,1113,107,261,51,1,33,134,5,1,107,290,.235,.306,.371,.677,81,severpe01
Otto Ray,2.9,2.9,2.9,2.4,3.5,-0.4,0.7,5,0,195,662,589,104,171,33,19,5,83,18,,54,,.290,.354,.436,.790,118,rayot01
Kelly Stinnett,1.8,4.1,2.9,0.4,2.7,2.7,-5.2,14,0,734,2290,2033,228,476,91,4,65,230,10,5,196,567,.234,.313,.379,.692,78,stinnke01
Ben Davis,2.9,2.9,2.9,1.0,2.6,3.0,-2.5,7,0,486,1698,1512,168,358,77,2,38,204,9,8,153,385,.237,.306,.366,.672,78,davisbe01
Tom Needham,2.5,3.3,2.9,0.8,2.5,3.4,-3.0,11,0,523,1662,1491,114,311,50,10,8,119,20,0,109,187,.209,.274,.272,.546,67,needhto01
Bob Scheffing,2.7,3.1,2.9,0.9,3.4,0.7,-3.0,8,0,517,1474,1357,105,357,53,9,20,187,6,6,103,127,.263,.316,.360,.676,86,schefbo01
Eric Haase,2.9,2.9,2.9,1.3,3.1,1.0,-0.9,7,0,353,1147,1063,123,242,38,3,46,151,6,1,72,345,.228,.277,.399,.676,87,haaseer01
Joey Bart,2.9,2.9,2.9,1.9,3.2,1.1,0.3,5,0,242,785,710,97,167,27,2,24,83,2,1,54,251,.235,.306,.380,.686,92,bartjo01
Kevin Plawecki,2.3,3.5,2.9,0.8,2.8,1.8,-2.2,8,0,447,1426,1268,119,298,63,3,22,137,2,2,119,278,.235,.313,.341,.654,79,plaweke01
Marc Hill,2.3,3.4,2.9,0.5,-0.2,6.2,-4.2,14,0,737,2047,1809,146,404,62,3,34,198,1,7,185,243,.223,.295,.317,.612,70,hillma01
Cameron Rupp,2.9,2.9,2.9,1.6,3.0,1.8,-0.7,5,0,296,1127,1027,100,240,57,2,39,124,2,1,87,323,.234,.298,.407,.705,88,ruppca01
George Kottaras,2.9,2.9,2.9,1.5,3.9,0.4,0.1,7,0,313,858,722,92,155,40,3,32,101,3,1,121,203,.215,.326,.411,.737,98,kottage01
Mark Parent,1.7,4.0,2.8,0.6,0.9,3.2,-2.8,13,0,474,1428,1303,112,279,50,0,53,168,3,3,98,319,.214,.268,.375,.642,71,parenma01
Bill Schroeder,2.7,3.0,2.8,1.2,3.9,0.5,-1.7,8,0,376,1356,1262,153,303,49,1,61,152,6,5,58,343,.240,.281,.426,.707,91,schrobi01
Cam Carreon,2.8,2.8,2.8,1.3,3.4,1.1,-0.6,8,0,354,1100,986,113,260,43,4,11,114,3,4,97,117,.264,.331,.349,.679,88,carreca01
Paul Casanova,1.3,4.3,2.8,0.2,-0.1,6.6,-8.7,10,1,859,2930,2786,214,627,87,12,50,252,2,10,101,430,.225,.252,.319,.571,65,casanpa01
John Bateman,0.9,4.7,2.8,0.1,3.9,3.0,-12.0,10,0,1017,3585,3330,250,765,123,18,81,375,10,10,172,610,.230,.271,.350,.621,77,batemjo01
Bruce Bochy,2.3,3.2,2.8,1.0,3.0,0.8,-0.7,9,0,358,881,802,75,192,37,2,26,93,1,2,67,177,.239,.298,.388,.685,92,bochybr01
Jorge Alfaro,2.5,3.0,2.7,0.8,4.9,0.1,-3.0,8,0,496,1710,1590,152,402,71,4,48,198,18,5,72,581,.253,.302,.393,.695,87,alfarjo01
Fred Carisch,2.6,2.8,2.7,1.9,0.8,3.1,0.0,8,0,226,718,655,43,149,17,9,1,57,16,3,46,63,.227,.280,.285,.566,66,carisfr01
Jerry Willard,2.6,2.8,2.7,1.2,3.5,0.5,-0.2,8,0,346,885,783,82,195,29,1,25,114,1,1,83,161,.249,.320,.384,.705,95,willaje01
Ed Whiting,2.7,2.7,2.7,2.5,4.3,-0.6,0.9,3,0,174,732,705,94,185,36,12,2,18,,,25,,.262,.290,.356,.646,119,whitied01
Chris Bando,1.7,3.6,2.6,0.5,2.1,2.3,-3.0,9,0,498,1467,1284,134,292,46,2,27,142,1,5,138,197,.227,.300,.329,.629,73,bandoch01
Johnny Schulte,2.6,2.6,2.6,2.2,2.8,0.3,1.1,5,0,192,463,374,59,98,15,4,14,64,1,2,76,49,.262,.388,.436,.824,112,schuljo04
Paul Richards,2.3,2.9,2.6,0.7,-0.1,3.9,-2.8,8,0,523,1602,1417,140,321,51,5,15,155,15,3,157,149,.227,.305,.301,.606,68,richapa01
Steve Lake,2.1,3.1,2.6,0.7,-1.4,5.5,-1.9,11,0,476,1197,1125,89,267,41,5,18,108,1,0,43,159,.237,.268,.331,.599,64,lakest01
Austin Wells,2.6,2.6,2.6,3.1,2.4,1.1,1.0,2,0,134,489,424,50,97,24,1,17,68,1,2,50,101,.229,.312,.410,.722,102,wellsau01
Bill Fahey,2.1,3.0,2.6,0.9,1.7,2.4,-1.4,11,0,383,1032,934,75,225,26,2,7,83,9,2,74,93,.241,.296,.296,.591,70,faheybi01
Ray Hayworth,2.0,3.2,2.6,0.5,1.0,3.0,-6.4,15,0,699,2308,2062,220,546,92,16,5,240,2,6,198,188,.265,.331,.332,.663,71,haywora01
Patrick Bailey,2.6,2.6,2.6,1.9,1.9,2.1,0.0,2,0,218,801,727,75,170,34,2,15,94,5,0,60,200,.234,.292,.348,.640,81,bailepa01
Brook Fordyce,1.7,3.4,2.6,0.4,4.8,0.4,-5.0,10,0,623,1973,1807,172,467,103,4,41,188,8,6,119,295,.258,.309,.388,.697,82,fordybr01
Bill Holbert,1.8,3.3,2.5,0.5,-2.6,7.4,-5.4,12,0,623,2396,2335,182,486,41,7,0,144,16,,58,122,.208,.228,.232,.460,47,holbebi01
Ed Phelps,2.0,3.0,2.5,0.5,8.2,-2.2,-4.9,11,0,633,2098,1832,186,460,45,20,3,205,31,0,163,203,.251,.325,.302,.627,88,phelped01
Bill Sarni,2.5,2.5,2.5,1.0,2.7,1.5,-2.5,5,0,390,1303,1182,107,311,50,11,22,151,6,5,89,135,.263,.313,.380,.693,84,sarnibi01
Bob Barton,1.7,3.3,2.5,0.7,-0.1,4.0,-2.3,10,0,393,1153,1049,54,237,31,3,9,66,3,6,87,168,.226,.287,.287,.574,65,bartobo01
Louis Santop HOF,2.5,2.5,2.5,3.5,2.5,0.2,1.2,4,0,115,378,350,52,111,16,5,7,65,9,0,24,1,.317,.363,.451,.814,126,santolo99
Bob Montgomery,2.2,2.7,2.5,0.9,3.3,1.4,-2.3,10,0,387,1285,1185,125,306,50,8,23,156,6,2,64,268,.258,.296,.372,.669,83,montgbo01
Joe Pignatano,2.5,2.5,2.5,1.3,2.7,1.1,-0.4,6,0,307,809,689,81,161,25,4,16,62,8,4,94,116,.234,.332,.351,.683,81,pignajo01
Mark Bailey,2.4,2.4,2.4,1.2,4.0,0.2,-1.5,7,0,340,1126,949,101,209,37,1,24,101,2,5,166,222,.220,.337,.337,.674,93,bailema01
Michael McKenry,2.4,2.4,2.4,1.3,3.3,0.7,-0.6,7,0,311,953,839,94,200,48,3,29,103,2,6,93,235,.238,.318,.406,.725,96,mckenmi01
Julio Rojo,2.4,2.4,2.4,1.4,2.1,0.8,-1.1,7,0,278,1019,940,146,262,48,10,4,145,59,,72,,.279,.331,.364,.695,85,rojoju01
Eddie Pérez,1.8,3.0,2.4,0.5,1.1,3.1,-3.3,11,0,564,1651,1525,137,386,85,2,40,172,1,4,84,234,.253,.297,.390,.687,77,perezed02
Joe Nolan,1.5,3.3,2.4,0.4,6.3,-2.5,-3.9,11,0,621,1649,1454,156,382,66,10,27,178,7,8,164,183,.263,.336,.378,.714,95,nolanjo01
Charlie Spearman,2.4,2.4,2.4,2.4,2.6,0.1,0.7,6,0,162,542,495,77,147,27,4,13,87,6,,41,,.297,.358,.446,.804,111,spearch01
Bennie Warren,2.4,2.4,2.4,1.0,3.4,0.0,-1.6,6,0,377,1129,989,97,217,26,7,33,104,1,2,129,177,.219,.313,.360,.673,93,warrebe01
Mark Salas,2.0,2.8,2.4,0.6,3.2,0.7,-2.6,8,0,509,1410,1292,142,319,49,10,38,143,3,3,89,163,.247,.300,.389,.688,87,salasma01
Kyle Higashioka,2.2,2.5,2.4,0.9,2.9,1.8,-1.7,8,0,398,1186,1104,123,234,48,1,57,166,2,1,66,318,.212,.255,.412,.668,81,higasky01
Francisco Mejia,2.4,2.4,2.4,1.1,2.8,1.4,-1.6,7,0,355,1098,1023,124,244,62,5,29,118,1,2,50,239,.239,.284,.394,.678,88,mejiafr01
Josh Phegley,2.1,2.6,2.4,0.9,2.2,2.3,-2.0,8,0,387,1203,1116,131,251,67,1,35,162,2,2,55,235,.225,.268,.381,.649,76,phegljo01
Truck Hannah,2.3,2.3,2.3,1.6,2.6,1.1,-1.0,3,0,244,865,736,62,173,25,4,5,66,7,0,97,79,.235,.331,.300,.631,76,hannatr01
Ed FitzGerald,1.4,3.3,2.3,0.3,3.5,0.3,-6.4,12,0,807,2312,2086,199,542,82,10,19,217,9,11,185,235,.260,.323,.336,.659,81,fitzged01